Real_Fake,Difficulty,Id,Left_Eye_Fake,Right_Eye_Fake,Nose_Fake,Mouth_Fake
0,0,real_00367.jpg,0,0,0,0
0,0,real_00919.jpg,0,0,0,0
1,2,mid_328_0011.jpg,0,0,1,1
1,2,mid_334_1111.jpg,1,1,1,1
0,0,real_00240.jpg,0,0,0,0
0,0,real_00431.jpg,0,0,0,0
0,0,real_00322.jpg,0,0,0,0
1,2,mid_330_1111.jpg,1,1,1,1
0,0,real_00261.jpg,0,0,0,0
1,2,mid_441_0011.jpg,0,0,1,1
1,2,mid_173_1110.jpg,1,1,1,0
0,0,real_00654.jpg,0,0,0,0
1,2,mid_353_0011.jpg,0,0,1,1
0,0,real_00024.jpg,0,0,0,0
1,1,easy_94_0001.jpg,0,0,0,1
0,0,real_00997.jpg,0,0,0,0
1,2,mid_357_0011.jpg,0,0,1,1
0,0,real_00647.jpg,0,0,0,0
1,2,mid_303_1100.jpg,1,1,0,0
0,0,real_00646.jpg,0,0,0,0
0,0,real_00283.jpg,0,0,0,0
1,3,hard_76_1100.jpg,1,1,0,0
0,0,real_00906.jpg,0,0,0,0
1,3,hard_177_1011.jpg,1,0,1,1
1,1,easy_72_1111.jpg,1,1,1,1
0,0,real_00978.jpg,0,0,0,0
0,0,real_00943.jpg,0,0,0,0
0,0,real_00172.jpg,0,0,0,0
0,0,real_00330.jpg,0,0,0,0
1,2,mid_241_1111.jpg,1,1,1,1
1,3,hard_168_0011.jpg,0,0,1,1
0,0,real_00902.jpg,0,0,0,0
1,2,mid_16_1111.jpg,1,1,1,1
0,0,real_00690.jpg,0,0,0,0
0,0,real_00660.jpg,0,0,0,0
1,2,mid_215_0011.jpg,0,0,1,1
1,2,mid_231_1100.jpg,1,1,0,0
1,2,mid_419_0011.jpg,0,0,1,1
1,1,easy_114_1110.jpg,1,1,1,0
1,2,mid_233_1111.jpg,1,1,1,1
0,0,real_00481.jpg,0,0,0,0
1,1,easy_75_1100.jpg,1,1,0,0
1,1,easy_126_0111.jpg,0,1,1,1
0,0,real_00343.jpg,0,0,0,0
0,0,real_00204.jpg,0,0,0,0
1,1,easy_43_1100.jpg,1,1,0,0
1,2,mid_204_1111.jpg,1,1,1,1
0,0,real_00317.jpg,0,0,0,0
0,0,real_00158.jpg,0,0,0,0
0,0,real_00269.jpg,0,0,0,0
0,0,real_00598.jpg,0,0,0,0
0,0,real_00895.jpg,0,0,0,0
0,0,real_00377.jpg,0,0,0,0
1,1,easy_210_1011.jpg,1,0,1,1
0,0,real_00294.jpg,0,0,0,0
1,3,hard_237_0010.jpg,0,0,1,0
0,0,real_00916.jpg,0,0,0,0
1,2,mid_476_1111.jpg,1,1,1,1
0,0,real_00883.jpg,0,0,0,0
0,0,real_00757.jpg,0,0,0,0
1,2,mid_226_1111.jpg,1,1,1,1
1,3,hard_216_0111.jpg,0,1,1,1
1,2,mid_19_1000.jpg,1,0,0,0
1,2,mid_34_1111.jpg,1,1,1,1
1,2,mid_344_0010.jpg,0,0,1,0
0,0,real_00976.jpg,0,0,0,0
1,3,hard_171_1101.jpg,1,1,0,1
1,1,easy_169_1100.jpg,1,1,0,0
0,0,real_01038.jpg,0,0,0,0
0,0,real_00319.jpg,0,0,0,0
0,0,real_00395.jpg,0,0,0,0
1,1,easy_229_1000.jpg,1,0,0,0
0,0,real_00006.jpg,0,0,0,0
0,0,real_01031.jpg,0,0,0,0
0,0,real_01034.jpg,0,0,0,0
0,0,real_00851.jpg,0,0,0,0
1,2,mid_119_1111.jpg,1,1,1,1
0,0,real_00701.jpg,0,0,0,0
0,0,real_01062.jpg,0,0,0,0
0,0,real_00399.jpg,0,0,0,0
0,0,real_00696.jpg,0,0,0,0
0,0,real_00823.jpg,0,0,0,0
0,0,real_00669.jpg,0,0,0,0
1,2,mid_378_1110.jpg,1,1,1,0
0,0,real_00802.jpg,0,0,0,0
1,2,mid_325_0011.jpg,0,0,1,1
0,0,real_00913.jpg,0,0,0,0
0,0,real_00448.jpg,0,0,0,0
1,2,mid_35_1101.jpg,1,1,0,1
0,0,real_00309.jpg,0,0,0,0
0,0,real_00537.jpg,0,0,0,0
0,0,real_00770.jpg,0,0,0,0
1,1,easy_189_1101.jpg,1,1,0,1
1,2,mid_270_0101.jpg,0,1,0,1
1,2,mid_377_0100.jpg,0,1,0,0
0,0,real_00455.jpg,0,0,0,0
1,2,mid_413_1111.jpg,1,1,1,1
0,0,real_00842.jpg,0,0,0,0
0,0,real_00102.jpg,0,0,0,0
0,0,real_00644.jpg,0,0,0,0
1,2,mid_11_1100.jpg,1,1,0,0
1,3,hard_113_0011.jpg,0,0,1,1
0,0,real_00578.jpg,0,0,0,0
0,0,real_00522.jpg,0,0,0,0
0,0,real_00380.jpg,0,0,0,0
1,1,easy_212_0010.jpg,0,0,1,0
0,0,real_00655.jpg,0,0,0,0
0,0,real_01030.jpg,0,0,0,0
1,2,mid_470_1001.jpg,1,0,0,1
0,0,real_01005.jpg,0,0,0,0
0,0,real_00990.jpg,0,0,0,0
0,0,real_00296.jpg,0,0,0,0
0,0,real_00145.jpg,0,0,0,0
0,0,real_00483.jpg,0,0,0,0
0,0,real_01056.jpg,0,0,0,0
1,2,mid_254_1111.jpg,1,1,1,1
1,2,mid_298_0001.jpg,0,0,0,1
1,2,mid_387_1100.jpg,1,1,0,0
0,0,real_00223.jpg,0,0,0,0
0,0,real_00702.jpg,0,0,0,0
0,0,real_00340.jpg,0,0,0,0
1,3,hard_220_1111.jpg,1,1,1,1
1,2,mid_391_1110.jpg,1,1,1,0
0,0,real_00863.jpg,0,0,0,0
1,2,mid_458_1111.jpg,1,1,1,1
0,0,real_00942.jpg,0,0,0,0
1,1,easy_181_1110.jpg,1,1,1,0
1,3,hard_102_1001.jpg,1,0,0,1
1,1,easy_225_0010.jpg,0,0,1,0
1,2,mid_246_0011.jpg,0,0,1,1
1,2,mid_135_1110.jpg,1,1,1,0
1,2,mid_105_1101.jpg,1,1,0,1
1,3,hard_154_1100.jpg,1,1,0,0
1,3,hard_12_1101.jpg,1,1,0,1
1,3,hard_65_0101.jpg,0,1,0,1
1,3,hard_215_1101.jpg,1,1,0,1
0,0,real_00393.jpg,0,0,0,0
0,0,real_01047.jpg,0,0,0,0
0,0,real_00671.jpg,0,0,0,0
0,0,real_00845.jpg,0,0,0,0
1,2,mid_479_1111.jpg,1,1,1,1
0,0,real_00965.jpg,0,0,0,0
1,3,hard_173_1110.jpg,1,1,1,0
0,0,real_00121.jpg,0,0,0,0
0,0,real_00739.jpg,0,0,0,0
1,1,easy_55_0011.jpg,0,0,1,1
1,1,easy_135_0011.jpg,0,0,1,1
0,0,real_00843.jpg,0,0,0,0
0,0,real_00872.jpg,0,0,0,0
0,0,real_00614.jpg,0,0,0,0
0,0,real_01046.jpg,0,0,0,0
1,3,hard_9_1111.jpg,1,1,1,1
1,2,mid_384_0011.jpg,0,0,1,1
0,0,real_00953.jpg,0,0,0,0
1,3,hard_2_1111.jpg,1,1,1,1
0,0,real_00928.jpg,0,0,0,0
0,0,real_00355.jpg,0,0,0,0
1,2,mid_104_1100.jpg,1,1,0,0
0,0,real_00314.jpg,0,0,0,0
0,0,real_01022.jpg,0,0,0,0
0,0,real_00926.jpg,0,0,0,0
1,2,mid_103_1111.jpg,1,1,1,1
0,0,real_00001.jpg,0,0,0,0
0,0,real_00345.jpg,0,0,0,0
0,0,real_00181.jpg,0,0,0,0
0,0,real_00065.jpg,0,0,0,0
0,0,real_00812.jpg,0,0,0,0
1,2,mid_390_0011.jpg,0,0,1,1
1,1,easy_73_1110.jpg,1,1,1,0
1,2,mid_403_1111.jpg,1,1,1,1
1,2,mid_469_1111.jpg,1,1,1,1
1,1,easy_119_0011.jpg,0,0,1,1
1,1,easy_24_0011.jpg,0,0,1,1
1,1,easy_198_0011.jpg,0,0,1,1
1,1,easy_204_0101.jpg,0,1,0,1
1,2,mid_200_1111.jpg,1,1,1,1
1,2,mid_444_1111.jpg,1,1,1,1
0,0,real_00791.jpg,0,0,0,0
0,0,real_00446.jpg,0,0,0,0
1,1,easy_1_1110.jpg,1,1,1,0
0,0,real_00174.jpg,0,0,0,0
1,2,mid_260_1111.jpg,1,1,1,1
0,0,real_00538.jpg,0,0,0,0
1,1,easy_220_1000.jpg,1,0,0,0
0,0,real_00723.jpg,0,0,0,0
1,2,mid_74_1111.jpg,1,1,1,1
0,0,real_00563.jpg,0,0,0,0
0,0,real_00426.jpg,0,0,0,0
0,0,real_00590.jpg,0,0,0,0
1,1,easy_155_0011.jpg,0,0,1,1
0,0,real_00175.jpg,0,0,0,0
0,0,real_00017.jpg,0,0,0,0
1,2,mid_383_1100.jpg,1,1,0,0
1,2,mid_475_1111.jpg,1,1,1,1
1,1,easy_201_0001.jpg,0,0,0,1
1,1,easy_69_1011.jpg,1,0,1,1
0,0,real_00271.jpg,0,0,0,0
0,0,real_00474.jpg,0,0,0,0
0,0,real_00297.jpg,0,0,0,0
1,1,easy_202_0011.jpg,0,0,1,1
1,3,hard_108_1111.jpg,1,1,1,1
1,2,mid_323_1101.jpg,1,1,0,1
1,2,mid_22_1101.jpg,1,1,0,1
1,1,easy_47_1110.jpg,1,1,1,0
0,0,real_00717.jpg,0,0,0,0
0,0,real_00721.jpg,0,0,0,0
0,0,real_00616.jpg,0,0,0,0
1,3,hard_1_1111.jpg,1,1,1,1
1,2,mid_229_1111.jpg,1,1,1,1
1,3,hard_25_1111.jpg,1,1,1,1
0,0,real_00375.jpg,0,0,0,0
1,3,hard_160_1111.jpg,1,1,1,1
1,2,mid_90_1111.jpg,1,1,1,1
0,0,real_00773.jpg,0,0,0,0
1,1,easy_193_1110.jpg,1,1,1,0
1,2,mid_121_1110.jpg,1,1,1,0
1,2,mid_407_1111.jpg,1,1,1,1
1,1,easy_205_1110.jpg,1,1,1,0
1,2,mid_116_1111.jpg,1,1,1,1
1,3,hard_33_1011.jpg,1,0,1,1
1,3,hard_201_0100.jpg,0,1,0,0
0,0,real_00105.jpg,0,0,0,0
1,1,easy_240_1110.jpg,1,1,1,0
0,0,real_00519.jpg,0,0,0,0
1,2,mid_251_1111.jpg,1,1,1,1
1,2,mid_142_1100.jpg,1,1,0,0
1,2,mid_284_1110.jpg,1,1,1,0
0,0,real_00361.jpg,0,0,0,0
0,0,real_00707.jpg,0,0,0,0
0,0,real_00534.jpg,0,0,0,0
1,3,hard_37_1111.jpg,1,1,1,1
0,0,real_00234.jpg,0,0,0,0
1,3,hard_3_1111.jpg,1,1,1,1
0,0,real_00553.jpg,0,0,0,0
0,0,real_00370.jpg,0,0,0,0
1,2,mid_399_0011.jpg,0,0,1,1
0,0,real_00571.jpg,0,0,0,0
0,0,real_00629.jpg,0,0,0,0
1,3,hard_55_0011.jpg,0,0,1,1
1,2,mid_292_1000.jpg,1,0,0,0
1,3,hard_231_1111.jpg,1,1,1,1
1,2,mid_165_0101.jpg,0,1,0,1
1,1,easy_217_1111.jpg,1,1,1,1
1,1,easy_191_0001.jpg,0,0,0,1
0,0,real_00878.jpg,0,0,0,0
0,0,real_00668.jpg,0,0,0,0
0,0,real_00238.jpg,0,0,0,0
1,2,mid_18_1111.jpg,1,1,1,1
0,0,real_00070.jpg,0,0,0,0
0,0,real_00249.jpg,0,0,0,0
0,0,real_00936.jpg,0,0,0,0
1,3,hard_83_1111.jpg,1,1,1,1
0,0,real_00999.jpg,0,0,0,0
0,0,real_01003.jpg,0,0,0,0
0,0,real_00799.jpg,0,0,0,0
1,2,mid_445_1111.jpg,1,1,1,1
1,2,mid_460_1111.jpg,1,1,1,1
1,3,hard_191_0011.jpg,0,0,1,1
1,3,hard_36_1101.jpg,1,1,0,1
0,0,real_00705.jpg,0,0,0,0
0,0,real_00351.jpg,0,0,0,0
0,0,real_00747.jpg,0,0,0,0
0,0,real_00137.jpg,0,0,0,0
1,1,easy_125_0011.jpg,0,0,1,1
0,0,real_00103.jpg,0,0,0,0
1,2,mid_93_1111.jpg,1,1,1,1
1,2,mid_274_1100.jpg,1,1,0,0
0,0,real_00603.jpg,0,0,0,0
0,0,real_01032.jpg,0,0,0,0
1,2,mid_52_1111.jpg,1,1,1,1
0,0,real_00871.jpg,0,0,0,0
0,0,real_00860.jpg,0,0,0,0
0,0,real_00859.jpg,0,0,0,0
0,0,real_00782.jpg,0,0,0,0
0,0,real_00424.jpg,0,0,0,0
1,1,easy_44_0011.jpg,0,0,1,1
0,0,real_01076.jpg,0,0,0,0
1,1,easy_207_1000.jpg,1,0,0,0
0,0,real_00327.jpg,0,0,0,0
0,0,real_01053.jpg,0,0,0,0
0,0,real_01065.jpg,0,0,0,0
1,3,hard_181_0001.jpg,0,0,0,1
0,0,real_00846.jpg,0,0,0,0
0,0,real_00685.jpg,0,0,0,0
0,0,real_00216.jpg,0,0,0,0
1,3,hard_35_1111.jpg,1,1,1,1
1,2,mid_72_1111.jpg,1,1,1,1
1,1,easy_170_0010.jpg,0,0,1,0
0,0,real_00469.jpg,0,0,0,0
0,0,real_00520.jpg,0,0,0,0
1,2,mid_301_0101.jpg,0,1,0,1
0,0,real_00097.jpg,0,0,0,0
0,0,real_00276.jpg,0,0,0,0
1,1,easy_37_0010.jpg,0,0,1,0
1,2,mid_311_0011.jpg,0,0,1,1
1,1,easy_103_1111.jpg,1,1,1,1
1,2,mid_209_1111.jpg,1,1,1,1
0,0,real_00887.jpg,0,0,0,0
0,0,real_00270.jpg,0,0,0,0
0,0,real_00323.jpg,0,0,0,0
0,0,real_00182.jpg,0,0,0,0
1,2,mid_309_1111.jpg,1,1,1,1
0,0,real_00453.jpg,0,0,0,0
1,1,easy_213_1111.jpg,1,1,1,1
1,2,mid_171_1100.jpg,1,1,0,0
0,0,real_00809.jpg,0,0,0,0
0,0,real_00847.jpg,0,0,0,0
1,2,mid_338_1100.jpg,1,1,0,0
1,2,mid_177_1111.jpg,1,1,1,1
1,1,easy_237_0011.jpg,0,0,1,1
0,0,real_00287.jpg,0,0,0,0
0,0,real_00599.jpg,0,0,0,0
1,1,easy_65_1111.jpg,1,1,1,1
1,3,hard_236_1001.jpg,1,0,0,1
1,2,mid_423_1101.jpg,1,1,0,1
1,2,mid_99_1100.jpg,1,1,0,0
0,0,real_00244.jpg,0,0,0,0
1,3,hard_11_1100.jpg,1,1,0,0
1,3,hard_96_1110.jpg,1,1,1,0
0,0,real_00413.jpg,0,0,0,0
1,1,easy_222_0011.jpg,0,0,1,1
0,0,real_00406.jpg,0,0,0,0
1,3,hard_199_0011.jpg,0,0,1,1
0,0,real_00615.jpg,0,0,0,0
1,3,hard_121_1100.jpg,1,1,0,0
1,3,hard_30_1101.jpg,1,1,0,1
0,0,real_00058.jpg,0,0,0,0
1,1,easy_82_0001.jpg,0,0,0,1
1,2,mid_255_0011.jpg,0,0,1,1
1,1,easy_53_0001.jpg,0,0,0,1
0,0,real_00400.jpg,0,0,0,0
0,0,real_00806.jpg,0,0,0,0
1,3,hard_193_1111.jpg,1,1,1,1
1,2,mid_398_0011.jpg,0,0,1,1
1,1,easy_159_1111.jpg,1,1,1,1
1,1,easy_61_0111.jpg,0,1,1,1
0,0,real_00874.jpg,0,0,0,0
0,0,real_00501.jpg,0,0,0,0
0,0,real_00366.jpg,0,0,0,0
0,0,real_00585.jpg,0,0,0,0
1,2,mid_439_1000.jpg,1,0,0,0
0,0,real_00467.jpg,0,0,0,0
0,0,real_00138.jpg,0,0,0,0
0,0,real_00626.jpg,0,0,0,0
1,2,mid_294_1110.jpg,1,1,1,0
0,0,real_00515.jpg,0,0,0,0
0,0,real_00118.jpg,0,0,0,0
0,0,real_00089.jpg,0,0,0,0
0,0,real_00212.jpg,0,0,0,0
0,0,real_00956.jpg,0,0,0,0
0,0,real_00935.jpg,0,0,0,0
0,0,real_00664.jpg,0,0,0,0
0,0,real_00307.jpg,0,0,0,0
0,0,real_00130.jpg,0,0,0,0
0,0,real_00133.jpg,0,0,0,0
1,2,mid_455_0101.jpg,0,1,0,1
1,3,hard_165_1000.jpg,1,0,0,0
1,1,easy_146_1110.jpg,1,1,1,0
0,0,real_00724.jpg,0,0,0,0
1,2,mid_144_1110.jpg,1,1,1,0
0,0,real_00192.jpg,0,0,0,0
0,0,real_00658.jpg,0,0,0,0
1,2,mid_96_1111.jpg,1,1,1,1
1,2,mid_369_1110.jpg,1,1,1,0
0,0,real_00038.jpg,0,0,0,0
1,1,easy_174_1110.jpg,1,1,1,0
1,2,mid_146_1111.jpg,1,1,1,1
0,0,real_00135.jpg,0,0,0,0
1,2,mid_433_0011.jpg,0,0,1,1
0,0,real_00961.jpg,0,0,0,0
1,1,easy_228_0011.jpg,0,0,1,1
0,0,real_00079.jpg,0,0,0,0
1,2,mid_368_0110.jpg,0,1,1,0
1,3,hard_145_1100.jpg,1,1,0,0
1,1,easy_17_0011.jpg,0,0,1,1
1,1,easy_40_1111.jpg,1,1,1,1
0,0,real_00036.jpg,0,0,0,0
0,0,real_00605.jpg,0,0,0,0
1,1,easy_107_1011.jpg,1,0,1,1
0,0,real_00193.jpg,0,0,0,0
0,0,real_01016.jpg,0,0,0,0
1,2,mid_64_1100.jpg,1,1,0,0
0,0,real_00143.jpg,0,0,0,0
1,2,mid_406_0011.jpg,0,0,1,1
0,0,real_00898.jpg,0,0,0,0
0,0,real_00929.jpg,0,0,0,0
0,0,real_00430.jpg,0,0,0,0
0,0,real_00055.jpg,0,0,0,0
1,2,mid_300_0111.jpg,0,1,1,1
1,2,mid_267_1111.jpg,1,1,1,1
1,2,mid_185_1110.jpg,1,1,1,0
1,1,easy_177_1010.jpg,1,0,1,0
1,3,hard_69_0011.jpg,0,0,1,1
0,0,real_00337.jpg,0,0,0,0
0,0,real_00950.jpg,0,0,0,0
1,3,hard_28_1111.jpg,1,1,1,1
0,0,real_01057.jpg,0,0,0,0
1,1,easy_5_1100.jpg,1,1,0,0
0,0,real_00237.jpg,0,0,0,0
0,0,real_00735.jpg,0,0,0,0
1,1,easy_86_0011.jpg,0,0,1,1
1,1,easy_81_1111.jpg,1,1,1,1
0,0,real_00289.jpg,0,0,0,0
0,0,real_00930.jpg,0,0,0,0
0,0,real_00776.jpg,0,0,0,0
0,0,real_00786.jpg,0,0,0,0
0,0,real_00279.jpg,0,0,0,0
1,2,mid_207_1111.jpg,1,1,1,1
0,0,real_01073.jpg,0,0,0,0
0,0,real_00428.jpg,0,0,0,0
0,0,real_00286.jpg,0,0,0,0
1,2,mid_379_1100.jpg,1,1,0,0
0,0,real_00833.jpg,0,0,0,0
1,2,mid_216_1011.jpg,1,0,1,1
0,0,real_00914.jpg,0,0,0,0
0,0,real_00195.jpg,0,0,0,0
0,0,real_00594.jpg,0,0,0,0
0,0,real_00939.jpg,0,0,0,0
0,0,real_00548.jpg,0,0,0,0
0,0,real_00491.jpg,0,0,0,0
0,0,real_01050.jpg,0,0,0,0
0,0,real_00557.jpg,0,0,0,0
0,0,real_00415.jpg,0,0,0,0
0,0,real_00421.jpg,0,0,0,0
0,0,real_00641.jpg,0,0,0,0
1,1,easy_101_0010.jpg,0,0,1,0
1,2,mid_392_1111.jpg,1,1,1,1
1,3,hard_79_1110.jpg,1,1,1,0
0,0,real_00022.jpg,0,0,0,0
0,0,real_00545.jpg,0,0,0,0
0,0,real_00732.jpg,0,0,0,0
1,3,hard_118_0111.jpg,0,1,1,1
1,3,hard_62_1010.jpg,1,0,1,0
0,0,real_00831.jpg,0,0,0,0
0,0,real_00841.jpg,0,0,0,0
0,0,real_01018.jpg,0,0,0,0
1,1,easy_87_0110.jpg,0,1,1,0
1,3,hard_234_1100.jpg,1,1,0,0
0,0,real_00951.jpg,0,0,0,0
0,0,real_00490.jpg,0,0,0,0
0,0,real_00039.jpg,0,0,0,0
0,0,real_00293.jpg,0,0,0,0
0,0,real_00220.jpg,0,0,0,0
0,0,real_01041.jpg,0,0,0,0
0,0,real_00009.jpg,0,0,0,0
1,3,hard_162_0010.jpg,0,0,1,0
0,0,real_00727.jpg,0,0,0,0
0,0,real_01023.jpg,0,0,0,0
1,3,hard_57_0110.jpg,0,1,1,0
1,2,mid_443_0011.jpg,0,0,1,1
0,0,real_00347.jpg,0,0,0,0
1,3,hard_27_1111.jpg,1,1,1,1
0,0,real_00472.jpg,0,0,0,0
0,0,real_00312.jpg,0,0,0,0
0,0,real_00134.jpg,0,0,0,0
0,0,real_00733.jpg,0,0,0,0
1,1,easy_238_1111.jpg,1,1,1,1
0,0,real_00402.jpg,0,0,0,0
0,0,real_00357.jpg,0,0,0,0
0,0,real_00048.jpg,0,0,0,0
0,0,real_00601.jpg,0,0,0,0
0,0,real_00300.jpg,0,0,0,0
1,3,hard_202_1101.jpg,1,1,0,1
1,3,hard_197_1100.jpg,1,1,0,0
0,0,real_00558.jpg,0,0,0,0
1,2,mid_356_1110.jpg,1,1,1,0
0,0,real_00828.jpg,0,0,0,0
0,0,real_01054.jpg,0,0,0,0
1,2,mid_85_0011.jpg,0,0,1,1
1,2,mid_446_0011.jpg,0,0,1,1
0,0,real_00698.jpg,0,0,0,0
1,2,mid_432_1111.jpg,1,1,1,1
1,2,mid_346_0011.jpg,0,0,1,1
0,0,real_00111.jpg,0,0,0,0
0,0,real_00129.jpg,0,0,0,0
1,1,easy_185_1101.jpg,1,1,0,1
0,0,real_00850.jpg,0,0,0,0
1,2,mid_345_1111.jpg,1,1,1,1
0,0,real_00938.jpg,0,0,0,0
0,0,real_00292.jpg,0,0,0,0
0,0,real_00905.jpg,0,0,0,0
1,2,mid_343_1111.jpg,1,1,1,1
0,0,real_01014.jpg,0,0,0,0
0,0,real_00299.jpg,0,0,0,0
0,0,real_00403.jpg,0,0,0,0
0,0,real_01007.jpg,0,0,0,0
1,2,mid_275_1100.jpg,1,1,0,0
1,3,hard_233_0010.jpg,0,0,1,0
1,2,mid_430_1111.jpg,1,1,1,1
1,2,mid_289_1101.jpg,1,1,0,1
1,2,mid_355_1011.jpg,1,0,1,1
0,0,real_00465.jpg,0,0,0,0
0,0,real_00631.jpg,0,0,0,0
1,1,easy_163_1001.jpg,1,0,0,1
0,0,real_00338.jpg,0,0,0,0
0,0,real_00719.jpg,0,0,0,0
1,2,mid_4_1111.jpg,1,1,1,1
1,2,mid_55_1111.jpg,1,1,1,1
0,0,real_00267.jpg,0,0,0,0
0,0,real_00857.jpg,0,0,0,0
0,0,real_00993.jpg,0,0,0,0
0,0,real_00523.jpg,0,0,0,0
1,3,hard_46_0011.jpg,0,0,1,1
1,1,easy_15_0011.jpg,0,0,1,1
1,2,mid_459_1001.jpg,1,0,0,1
1,2,mid_382_0011.jpg,0,0,1,1
0,0,real_00031.jpg,0,0,0,0
0,0,real_00879.jpg,0,0,0,0
0,0,real_01010.jpg,0,0,0,0
0,0,real_00087.jpg,0,0,0,0
0,0,real_00986.jpg,0,0,0,0
0,0,real_00324.jpg,0,0,0,0
0,0,real_00686.jpg,0,0,0,0
1,2,mid_15_1111.jpg,1,1,1,1
1,2,mid_248_0111.jpg,0,1,1,1
0,0,real_00564.jpg,0,0,0,0
1,2,mid_290_1100.jpg,1,1,0,0
0,0,real_00432.jpg,0,0,0,0
1,3,hard_91_1100.jpg,1,1,0,0
1,2,mid_102_1100.jpg,1,1,0,0
0,0,real_00750.jpg,0,0,0,0
1,1,easy_51_1110.jpg,1,1,1,0
1,2,mid_186_1100.jpg,1,1,0,0
0,0,real_00890.jpg,0,0,0,0
0,0,real_00975.jpg,0,0,0,0
0,0,real_00092.jpg,0,0,0,0
0,0,real_00530.jpg,0,0,0,0
1,3,hard_142_1110.jpg,1,1,1,0
1,2,mid_79_1111.jpg,1,1,1,1
1,2,mid_425_1111.jpg,1,1,1,1
1,1,easy_67_0101.jpg,0,1,0,1
1,1,easy_161_1101.jpg,1,1,0,1
0,0,real_00829.jpg,0,0,0,0
1,3,hard_103_1101.jpg,1,1,0,1
0,0,real_00684.jpg,0,0,0,0
0,0,real_00619.jpg,0,0,0,0
1,2,mid_320_1111.jpg,1,1,1,1
0,0,real_01028.jpg,0,0,0,0
1,2,mid_272_1010.jpg,1,0,1,0
0,0,real_00873.jpg,0,0,0,0
0,0,real_00695.jpg,0,0,0,0
1,1,easy_46_1100.jpg,1,1,0,0
0,0,real_00917.jpg,0,0,0,0
0,0,real_00889.jpg,0,0,0,0
1,2,mid_179_1111.jpg,1,1,1,1
0,0,real_00485.jpg,0,0,0,0
0,0,real_00778.jpg,0,0,0,0
1,2,mid_394_1111.jpg,1,1,1,1
0,0,real_00085.jpg,0,0,0,0
1,2,mid_427_1010.jpg,1,0,1,0
1,3,hard_44_1111.jpg,1,1,1,1
1,2,mid_138_0011.jpg,0,0,1,1
1,1,easy_203_0111.jpg,0,1,1,1
0,0,real_00821.jpg,0,0,0,0
1,1,easy_236_1100.jpg,1,1,0,0
1,2,mid_38_1111.jpg,1,1,1,1
0,0,real_00602.jpg,0,0,0,0
1,2,mid_263_1100.jpg,1,1,0,0
0,0,real_00243.jpg,0,0,0,0
0,0,real_00140.jpg,0,0,0,0
0,0,real_00800.jpg,0,0,0,0
1,3,hard_109_1100.jpg,1,1,0,0
0,0,real_00440.jpg,0,0,0,0
0,0,real_00401.jpg,0,0,0,0
0,0,real_00743.jpg,0,0,0,0
1,2,mid_127_0011.jpg,0,0,1,1
1,3,hard_68_1100.jpg,1,1,0,0
1,2,mid_420_1101.jpg,1,1,0,1
1,2,mid_108_1110.jpg,1,1,1,0
0,0,real_00266.jpg,0,0,0,0
1,1,easy_16_1111.jpg,1,1,1,1
1,1,easy_19_0111.jpg,0,1,1,1
0,0,real_00407.jpg,0,0,0,0
1,2,mid_114_1110.jpg,1,1,1,0
1,3,hard_93_1111.jpg,1,1,1,1
1,2,mid_58_1100.jpg,1,1,0,0
1,3,hard_203_0010.jpg,0,0,1,0
1,2,mid_134_1010.jpg,1,0,1,0
1,2,mid_340_1111.jpg,1,1,1,1
0,0,real_00063.jpg,0,0,0,0
0,0,real_00416.jpg,0,0,0,0
0,0,real_00849.jpg,0,0,0,0
0,0,real_00499.jpg,0,0,0,0
1,1,easy_56_1110.jpg,1,1,1,0
1,1,easy_7_1100.jpg,1,1,0,0
1,3,hard_128_1111.jpg,1,1,1,1
0,0,real_00423.jpg,0,0,0,0
1,2,mid_17_1111.jpg,1,1,1,1
1,1,easy_196_0010.jpg,0,0,1,0
1,2,mid_288_1101.jpg,1,1,0,1
0,0,real_00196.jpg,0,0,0,0
0,0,real_00610.jpg,0,0,0,0
1,3,hard_101_0011.jpg,0,0,1,1
0,0,real_00189.jpg,0,0,0,0
0,0,real_00110.jpg,0,0,0,0
0,0,real_00673.jpg,0,0,0,0
1,3,hard_176_0011.jpg,0,0,1,1
1,1,easy_120_0011.jpg,0,0,1,1
0,0,real_00436.jpg,0,0,0,0
0,0,real_00869.jpg,0,0,0,0
0,0,real_00008.jpg,0,0,0,0
1,1,easy_115_0010.jpg,0,0,1,0
1,3,hard_39_1111.jpg,1,1,1,1
1,2,mid_43_1111.jpg,1,1,1,1
1,3,hard_67_0001.jpg,0,0,0,1
0,0,real_00066.jpg,0,0,0,0
1,2,mid_264_1101.jpg,1,1,0,1
1,2,mid_30_1110.jpg,1,1,1,0
1,3,hard_133_0001.jpg,0,0,0,1
1,2,mid_304_1111.jpg,1,1,1,1
1,1,easy_215_1111.jpg,1,1,1,1
0,0,real_00213.jpg,0,0,0,0
0,0,real_00392.jpg,0,0,0,0
1,3,hard_140_1111.jpg,1,1,1,1
1,2,mid_291_1100.jpg,1,1,0,0
0,0,real_00949.jpg,0,0,0,0
0,0,real_00152.jpg,0,0,0,0
1,2,mid_393_1101.jpg,1,1,0,1
0,0,real_00484.jpg,0,0,0,0
0,0,real_00437.jpg,0,0,0,0
0,0,real_00868.jpg,0,0,0,0
0,0,real_00235.jpg,0,0,0,0
1,2,mid_405_0011.jpg,0,0,1,1
1,3,hard_18_1111.jpg,1,1,1,1
1,3,hard_224_0111.jpg,0,1,1,1
1,2,mid_456_1111.jpg,1,1,1,1
1,2,mid_285_1111.jpg,1,1,1,1
0,0,real_00620.jpg,0,0,0,0
0,0,real_00425.jpg,0,0,0,0
1,2,mid_281_1111.jpg,1,1,1,1
0,0,real_00365.jpg,0,0,0,0
0,0,real_00541.jpg,0,0,0,0
1,2,mid_2_1101.jpg,1,1,0,1
0,0,real_01017.jpg,0,0,0,0
1,3,hard_125_1100.jpg,1,1,0,0
0,0,real_00572.jpg,0,0,0,0
0,0,real_00225.jpg,0,0,0,0
0,0,real_00856.jpg,0,0,0,0
0,0,real_00032.jpg,0,0,0,0
0,0,real_00688.jpg,0,0,0,0
0,0,real_00441.jpg,0,0,0,0
1,2,mid_61_1111.jpg,1,1,1,1
0,0,real_00374.jpg,0,0,0,0
0,0,real_00595.jpg,0,0,0,0
1,2,mid_268_0010.jpg,0,0,1,0
1,1,easy_184_0110.jpg,0,1,1,0
0,0,real_00687.jpg,0,0,0,0
0,0,real_01015.jpg,0,0,0,0
1,2,mid_187_1101.jpg,1,1,0,1
1,3,hard_214_1011.jpg,1,0,1,1
1,2,mid_249_1111.jpg,1,1,1,1
1,3,hard_235_0001.jpg,0,0,0,1
0,0,real_00549.jpg,0,0,0,0
1,2,mid_363_1101.jpg,1,1,0,1
1,2,mid_172_1111.jpg,1,1,1,1
0,0,real_00165.jpg,0,0,0,0
1,2,mid_352_1111.jpg,1,1,1,1
1,3,hard_149_0011.jpg,0,0,1,1
0,0,real_00291.jpg,0,0,0,0
0,0,real_00536.jpg,0,0,0,0
1,1,easy_59_0010.jpg,0,0,1,0
1,2,mid_50_1111.jpg,1,1,1,1
0,0,real_00593.jpg,0,0,0,0
1,1,easy_42_0001.jpg,0,0,0,1
1,2,mid_266_1101.jpg,1,1,0,1
1,1,easy_41_0001.jpg,0,0,0,1
0,0,real_00542.jpg,0,0,0,0
1,1,easy_80_0001.jpg,0,0,0,1
0,0,real_00215.jpg,0,0,0,0
0,0,real_00758.jpg,0,0,0,0
1,1,easy_223_0100.jpg,0,1,0,0
1,1,easy_128_0111.jpg,0,1,1,1
0,0,real_00991.jpg,0,0,0,0
1,2,mid_166_1100.jpg,1,1,0,0
0,0,real_00771.jpg,0,0,0,0
0,0,real_01079.jpg,0,0,0,0
0,0,real_00607.jpg,0,0,0,0
1,1,easy_25_0110.jpg,0,1,1,0
0,0,real_00251.jpg,0,0,0,0
1,3,hard_135_1101.jpg,1,1,0,1
1,1,easy_130_1101.jpg,1,1,0,1
1,3,hard_178_1001.jpg,1,0,0,1
1,2,mid_223_1111.jpg,1,1,1,1
0,0,real_00183.jpg,0,0,0,0
1,2,mid_139_1111.jpg,1,1,1,1
0,0,real_00574.jpg,0,0,0,0
1,2,mid_155_1100.jpg,1,1,0,0
0,0,real_00683.jpg,0,0,0,0
1,3,hard_139_1011.jpg,1,0,1,1
1,1,easy_91_1000.jpg,1,0,0,0
1,3,hard_169_0111.jpg,0,1,1,1
1,2,mid_347_0011.jpg,0,0,1,1
1,1,easy_4_0011.jpg,0,0,1,1
0,0,real_00101.jpg,0,0,0,0
1,2,mid_235_1100.jpg,1,1,0,0
0,0,real_00689.jpg,0,0,0,0
0,0,real_00670.jpg,0,0,0,0
0,0,real_00543.jpg,0,0,0,0
0,0,real_00064.jpg,0,0,0,0
0,0,real_00569.jpg,0,0,0,0
1,2,mid_400_0011.jpg,0,0,1,1
0,0,real_00005.jpg,0,0,0,0
1,2,mid_198_1111.jpg,1,1,1,1
1,2,mid_297_0010.jpg,0,0,1,0
0,0,real_00577.jpg,0,0,0,0
1,2,mid_118_1000.jpg,1,0,0,0
0,0,real_00910.jpg,0,0,0,0
0,0,real_00692.jpg,0,0,0,0
0,0,real_00194.jpg,0,0,0,0
1,1,easy_84_0011.jpg,0,0,1,1
0,0,real_00191.jpg,0,0,0,0
0,0,real_00509.jpg,0,0,0,0
1,2,mid_310_0111.jpg,0,1,1,1
1,1,easy_208_1111.jpg,1,1,1,1
1,2,mid_211_1100.jpg,1,1,0,0
0,0,real_00004.jpg,0,0,0,0
1,2,mid_128_1110.jpg,1,1,1,0
0,0,real_00586.jpg,0,0,0,0
0,0,real_00814.jpg,0,0,0,0
1,2,mid_480_1111.jpg,1,1,1,1
0,0,real_00067.jpg,0,0,0,0
1,1,easy_117_0101.jpg,0,1,0,1
1,3,hard_61_0011.jpg,0,0,1,1
0,0,real_00662.jpg,0,0,0,0
0,0,real_00389.jpg,0,0,0,0
1,3,hard_183_1101.jpg,1,1,0,1
0,0,real_00730.jpg,0,0,0,0
0,0,real_00155.jpg,0,0,0,0
1,3,hard_170_0111.jpg,0,1,1,1
0,0,real_00525.jpg,0,0,0,0
0,0,real_00634.jpg,0,0,0,0
0,0,real_01019.jpg,0,0,0,0
1,2,mid_167_1100.jpg,1,1,0,0
0,0,real_00479.jpg,0,0,0,0
0,0,real_01071.jpg,0,0,0,0
0,0,real_00566.jpg,0,0,0,0
0,0,real_00947.jpg,0,0,0,0
0,0,real_00257.jpg,0,0,0,0
1,2,mid_46_1111.jpg,1,1,1,1
1,1,easy_49_1000.jpg,1,0,0,0
1,3,hard_6_1110.jpg,1,1,1,0
1,1,easy_9_1010.jpg,1,0,1,0
0,0,real_00358.jpg,0,0,0,0
1,2,mid_331_0011.jpg,0,0,1,1
0,0,real_00622.jpg,0,0,0,0
1,2,mid_326_1111.jpg,1,1,1,1
1,2,mid_27_1111.jpg,1,1,1,1
1,2,mid_278_1101.jpg,1,1,0,1
0,0,real_00126.jpg,0,0,0,0
0,0,real_00529.jpg,0,0,0,0
0,0,real_00836.jpg,0,0,0,0
0,0,real_00921.jpg,0,0,0,0
1,3,hard_186_0011.jpg,0,0,1,1
1,2,mid_25_1111.jpg,1,1,1,1
1,2,mid_424_1111.jpg,1,1,1,1
0,0,real_01044.jpg,0,0,0,0
1,2,mid_265_1111.jpg,1,1,1,1
1,2,mid_197_1110.jpg,1,1,1,0
0,0,real_00886.jpg,0,0,0,0
1,2,mid_28_1111.jpg,1,1,1,1
1,1,easy_109_1111.jpg,1,1,1,1
0,0,real_00955.jpg,0,0,0,0
0,0,real_00535.jpg,0,0,0,0
1,2,mid_143_1100.jpg,1,1,0,0
1,3,hard_211_0110.jpg,0,1,1,0
1,3,hard_54_0001.jpg,0,0,0,1
1,3,hard_174_1111.jpg,1,1,1,1
1,2,mid_26_1101.jpg,1,1,0,1
0,0,real_00241.jpg,0,0,0,0
0,0,real_00712.jpg,0,0,0,0
0,0,real_00050.jpg,0,0,0,0
1,1,easy_57_0010.jpg,0,0,1,0
0,0,real_00784.jpg,0,0,0,0
0,0,real_00627.jpg,0,0,0,0
0,0,real_00982.jpg,0,0,0,0
1,1,easy_132_0110.jpg,0,1,1,0
0,0,real_00657.jpg,0,0,0,0
1,2,mid_243_0011.jpg,0,0,1,1
0,0,real_00265.jpg,0,0,0,0
0,0,real_00202.jpg,0,0,0,0
0,0,real_00435.jpg,0,0,0,0
1,2,mid_13_1111.jpg,1,1,1,1
1,2,mid_404_0011.jpg,0,0,1,1
0,0,real_00310.jpg,0,0,0,0
1,3,hard_200_1111.jpg,1,1,1,1
1,1,easy_164_1111.jpg,1,1,1,1
0,0,real_00865.jpg,0,0,0,0
1,3,hard_10_1111.jpg,1,1,1,1
1,2,mid_314_1101.jpg,1,1,0,1
1,2,mid_287_0001.jpg,0,0,0,1
1,3,hard_187_0100.jpg,0,1,0,0
1,2,mid_321_1110.jpg,1,1,1,0
0,0,real_00946.jpg,0,0,0,0
0,0,real_00693.jpg,0,0,0,0
1,2,mid_253_0101.jpg,0,1,0,1
0,0,real_00734.jpg,0,0,0,0
1,1,easy_11_1111.jpg,1,1,1,1
0,0,real_00342.jpg,0,0,0,0
0,0,real_00624.jpg,0,0,0,0
0,0,real_00540.jpg,0,0,0,0
1,2,mid_69_1111.jpg,1,1,1,1
1,3,hard_180_0011.jpg,0,0,1,1
1,2,mid_36_1100.jpg,1,1,0,0
0,0,real_00108.jpg,0,0,0,0
0,0,real_00071.jpg,0,0,0,0
1,3,hard_163_0011.jpg,0,0,1,1
1,2,mid_411_1111.jpg,1,1,1,1
1,1,easy_106_0011.jpg,0,0,1,1
1,2,mid_136_0001.jpg,0,0,0,1
0,0,real_00811.jpg,0,0,0,0
1,2,mid_176_1111.jpg,1,1,1,1
1,2,mid_252_1101.jpg,1,1,0,1
1,2,mid_354_1110.jpg,1,1,1,0
0,0,real_00840.jpg,0,0,0,0
1,3,hard_132_0111.jpg,0,1,1,1
1,2,mid_120_1100.jpg,1,1,0,0
0,0,real_00948.jpg,0,0,0,0
1,2,mid_141_1110.jpg,1,1,1,0
0,0,real_00477.jpg,0,0,0,0
1,2,mid_452_1111.jpg,1,1,1,1
0,0,real_00880.jpg,0,0,0,0
1,2,mid_161_0110.jpg,0,1,1,0
0,0,real_01020.jpg,0,0,0,0
1,3,hard_156_1111.jpg,1,1,1,1
0,0,real_00884.jpg,0,0,0,0
0,0,real_00708.jpg,0,0,0,0
0,0,real_00788.jpg,0,0,0,0
1,2,mid_194_1111.jpg,1,1,1,1
0,0,real_00274.jpg,0,0,0,0
0,0,real_00444.jpg,0,0,0,0
0,0,real_00617.jpg,0,0,0,0
0,0,real_00864.jpg,0,0,0,0
0,0,real_00328.jpg,0,0,0,0
1,1,easy_45_1010.jpg,1,0,1,0
0,0,real_00255.jpg,0,0,0,0
1,2,mid_153_1111.jpg,1,1,1,1
1,2,mid_219_1111.jpg,1,1,1,1
1,1,easy_97_1111.jpg,1,1,1,1
0,0,real_00608.jpg,0,0,0,0
0,0,real_00016.jpg,0,0,0,0
0,0,real_00625.jpg,0,0,0,0
1,1,easy_186_1001.jpg,1,0,0,1
0,0,real_00954.jpg,0,0,0,0
1,3,hard_136_1101.jpg,1,1,0,1
1,2,mid_389_1101.jpg,1,1,0,1
1,1,easy_140_1111.jpg,1,1,1,1
1,3,hard_152_0111.jpg,0,1,1,1
0,0,real_00642.jpg,0,0,0,0
0,0,real_00761.jpg,0,0,0,0
1,2,mid_40_1111.jpg,1,1,1,1
1,3,hard_40_1111.jpg,1,1,1,1
1,2,mid_53_1100.jpg,1,1,0,0
1,1,easy_187_1110.jpg,1,1,1,0
0,0,real_00224.jpg,0,0,0,0
1,2,mid_247_1111.jpg,1,1,1,1
0,0,real_00476.jpg,0,0,0,0
1,2,mid_474_1110.jpg,1,1,1,0
0,0,real_00482.jpg,0,0,0,0
1,1,easy_88_0011.jpg,0,0,1,1
0,0,real_00835.jpg,0,0,0,0
0,0,real_00858.jpg,0,0,0,0
1,2,mid_299_1100.jpg,1,1,0,0
0,0,real_00805.jpg,0,0,0,0
0,0,real_00042.jpg,0,0,0,0
1,2,mid_409_1101.jpg,1,1,0,1
0,0,real_01058.jpg,0,0,0,0
0,0,real_00325.jpg,0,0,0,0
1,2,mid_66_1100.jpg,1,1,0,0
1,3,hard_111_1111.jpg,1,1,1,1
0,0,real_00227.jpg,0,0,0,0
0,0,real_00498.jpg,0,0,0,0
1,2,mid_295_0111.jpg,0,1,1,1
1,2,mid_100_1110.jpg,1,1,1,0
0,0,real_00819.jpg,0,0,0,0
1,2,mid_450_1101.jpg,1,1,0,1
0,0,real_00516.jpg,0,0,0,0
1,1,easy_176_1000.jpg,1,0,0,0
0,0,real_00691.jpg,0,0,0,0
1,2,mid_169_0001.jpg,0,0,0,1
0,0,real_00985.jpg,0,0,0,0
0,0,real_00600.jpg,0,0,0,0
0,0,real_00284.jpg,0,0,0,0
1,3,hard_86_1100.jpg,1,1,0,0
0,0,real_00915.jpg,0,0,0,0
0,0,real_00679.jpg,0,0,0,0
1,2,mid_131_1111.jpg,1,1,1,1
1,3,hard_107_1111.jpg,1,1,1,1
0,0,real_00385.jpg,0,0,0,0
0,0,real_00934.jpg,0,0,0,0
0,0,real_01051.jpg,0,0,0,0
1,2,mid_77_1110.jpg,1,1,1,0
1,2,mid_434_1110.jpg,1,1,1,0
1,2,mid_465_1111.jpg,1,1,1,1
0,0,real_00709.jpg,0,0,0,0
0,0,real_00088.jpg,0,0,0,0
0,0,real_00447.jpg,0,0,0,0
0,0,real_00710.jpg,0,0,0,0
0,0,real_00579.jpg,0,0,0,0
0,0,real_00661.jpg,0,0,0,0
0,0,real_00078.jpg,0,0,0,0
0,0,real_00187.jpg,0,0,0,0
0,0,real_00551.jpg,0,0,0,0
1,2,mid_318_1111.jpg,1,1,1,1
1,2,mid_417_1111.jpg,1,1,1,1
1,3,hard_63_1101.jpg,1,1,0,1
1,3,hard_119_1100.jpg,1,1,0,0
1,2,mid_193_1111.jpg,1,1,1,1
1,1,easy_221_0111.jpg,0,1,1,1
1,1,easy_36_1111.jpg,1,1,1,1
0,0,real_00208.jpg,0,0,0,0
0,0,real_01060.jpg,0,0,0,0
1,2,mid_63_1111.jpg,1,1,1,1
0,0,real_00894.jpg,0,0,0,0
1,1,easy_142_1111.jpg,1,1,1,1
1,3,hard_209_1011.jpg,1,0,1,1
1,3,hard_49_0010.jpg,0,0,1,0
0,0,real_00098.jpg,0,0,0,0
0,0,real_00480.jpg,0,0,0,0
1,3,hard_34_1111.jpg,1,1,1,1
1,3,hard_26_0011.jpg,0,0,1,1
0,0,real_00779.jpg,0,0,0,0
1,2,mid_234_0010.jpg,0,0,1,0
1,1,easy_71_1100.jpg,1,1,0,0
0,0,real_00231.jpg,0,0,0,0
1,2,mid_86_1111.jpg,1,1,1,1
0,0,real_00652.jpg,0,0,0,0
0,0,real_00200.jpg,0,0,0,0
0,0,real_00170.jpg,0,0,0,0
0,0,real_00360.jpg,0,0,0,0
0,0,real_00417.jpg,0,0,0,0
1,2,mid_123_1111.jpg,1,1,1,1
1,2,mid_180_1110.jpg,1,1,1,0
0,0,real_00826.jpg,0,0,0,0
1,2,mid_312_1111.jpg,1,1,1,1
1,2,mid_376_0001.jpg,0,0,0,1
0,0,real_01070.jpg,0,0,0,0
0,0,real_01011.jpg,0,0,0,0
0,0,real_00737.jpg,0,0,0,0
1,2,mid_174_1111.jpg,1,1,1,1
1,2,mid_45_0010.jpg,0,0,1,0
0,0,real_00672.jpg,0,0,0,0
0,0,real_00508.jpg,0,0,0,0
0,0,real_00488.jpg,0,0,0,0
0,0,real_00247.jpg,0,0,0,0
0,0,real_00153.jpg,0,0,0,0
1,1,easy_230_1010.jpg,1,0,1,0
0,0,real_00994.jpg,0,0,0,0
0,0,real_00353.jpg,0,0,0,0
0,0,real_00504.jpg,0,0,0,0
0,0,real_00749.jpg,0,0,0,0
1,2,mid_82_1111.jpg,1,1,1,1
1,1,easy_35_0110.jpg,0,1,1,0
0,0,real_00321.jpg,0,0,0,0
1,3,hard_182_0011.jpg,0,0,1,1
1,3,hard_84_0011.jpg,0,0,1,1
1,2,mid_115_0011.jpg,0,0,1,1
1,3,hard_13_1111.jpg,1,1,1,1
0,0,real_00807.jpg,0,0,0,0
0,0,real_00838.jpg,0,0,0,0
0,0,real_00180.jpg,0,0,0,0
0,0,real_01055.jpg,0,0,0,0
1,2,mid_190_1111.jpg,1,1,1,1
1,3,hard_198_1100.jpg,1,1,0,0
1,3,hard_89_1110.jpg,1,1,1,0
0,0,real_00313.jpg,0,0,0,0
0,0,real_00756.jpg,0,0,0,0
1,3,hard_95_0001.jpg,0,0,0,1
0,0,real_00621.jpg,0,0,0,0
1,3,hard_190_1111.jpg,1,1,1,1
0,0,real_01037.jpg,0,0,0,0
0,0,real_00348.jpg,0,0,0,0
0,0,real_01059.jpg,0,0,0,0
0,0,real_00920.jpg,0,0,0,0
1,3,hard_81_1101.jpg,1,1,0,1
0,0,real_00068.jpg,0,0,0,0
0,0,real_00834.jpg,0,0,0,0
0,0,real_00765.jpg,0,0,0,0
0,0,real_00076.jpg,0,0,0,0
1,3,hard_51_1111.jpg,1,1,1,1
0,0,real_00094.jpg,0,0,0,0
0,0,real_00794.jpg,0,0,0,0
0,0,real_00952.jpg,0,0,0,0
0,0,real_00867.jpg,0,0,0,0
0,0,real_00587.jpg,0,0,0,0
1,2,mid_191_0111.jpg,0,1,1,1
1,2,mid_342_1110.jpg,1,1,1,0
1,3,hard_32_1111.jpg,1,1,1,1
1,2,mid_59_1111.jpg,1,1,1,1
1,2,mid_89_1111.jpg,1,1,1,1
0,0,real_00449.jpg,0,0,0,0
0,0,real_00795.jpg,0,0,0,0
0,0,real_01072.jpg,0,0,0,0
0,0,real_00612.jpg,0,0,0,0
1,3,hard_188_0100.jpg,0,1,0,0
1,2,mid_182_1111.jpg,1,1,1,1
0,0,real_00862.jpg,0,0,0,0
1,3,hard_5_1111.jpg,1,1,1,1
0,0,real_00412.jpg,0,0,0,0
1,3,hard_159_0100.jpg,0,1,0,0
0,0,real_00518.jpg,0,0,0,0
0,0,real_00888.jpg,0,0,0,0
0,0,real_00745.jpg,0,0,0,0
0,0,real_00142.jpg,0,0,0,0
0,0,real_00040.jpg,0,0,0,0
0,0,real_00277.jpg,0,0,0,0
0,0,real_00177.jpg,0,0,0,0
1,2,mid_97_1111.jpg,1,1,1,1
1,2,mid_327_0111.jpg,0,1,1,1
1,1,easy_14_1111.jpg,1,1,1,1
0,0,real_00767.jpg,0,0,0,0
0,0,real_00762.jpg,0,0,0,0
1,2,mid_152_1100.jpg,1,1,0,0
0,0,real_00844.jpg,0,0,0,0
1,3,hard_221_0101.jpg,0,1,0,1
1,2,mid_159_1111.jpg,1,1,1,1
0,0,real_00084.jpg,0,0,0,0
1,2,mid_157_1111.jpg,1,1,1,1
1,1,easy_63_1110.jpg,1,1,1,0
0,0,real_00164.jpg,0,0,0,0
0,0,real_00694.jpg,0,0,0,0
0,0,real_00824.jpg,0,0,0,0
1,1,easy_85_1111.jpg,1,1,1,1
1,1,easy_100_1111.jpg,1,1,1,1
0,0,real_00957.jpg,0,0,0,0
1,2,mid_98_1111.jpg,1,1,1,1
0,0,real_00457.jpg,0,0,0,0
1,2,mid_8_1111.jpg,1,1,1,1
1,1,easy_76_1111.jpg,1,1,1,1
0,0,real_00278.jpg,0,0,0,0
0,0,real_00980.jpg,0,0,0,0
1,1,easy_165_1010.jpg,1,0,1,0
1,1,easy_171_1100.jpg,1,1,0,0
1,2,mid_358_1100.jpg,1,1,0,0
1,3,hard_126_0111.jpg,0,1,1,1
0,0,real_00487.jpg,0,0,0,0
1,3,hard_7_1111.jpg,1,1,1,1
0,0,real_00282.jpg,0,0,0,0
0,0,real_00390.jpg,0,0,0,0
0,0,real_00095.jpg,0,0,0,0
0,0,real_00937.jpg,0,0,0,0
0,0,real_00676.jpg,0,0,0,0
1,1,easy_60_1111.jpg,1,1,1,1
1,2,mid_227_1111.jpg,1,1,1,1
0,0,real_00315.jpg,0,0,0,0
1,2,mid_374_0011.jpg,0,0,1,1
1,3,hard_144_0011.jpg,0,0,1,1
0,0,real_00060.jpg,0,0,0,0
1,1,easy_28_1100.jpg,1,1,0,0
0,0,real_00013.jpg,0,0,0,0
0,0,real_00157.jpg,0,0,0,0
0,0,real_00804.jpg,0,0,0,0
0,0,real_00754.jpg,0,0,0,0
0,0,real_00429.jpg,0,0,0,0
1,2,mid_256_1100.jpg,1,1,0,0
0,0,real_00410.jpg,0,0,0,0
1,2,mid_39_1111.jpg,1,1,1,1
1,3,hard_77_1100.jpg,1,1,0,0
0,0,real_00190.jpg,0,0,0,0
1,1,easy_98_0001.jpg,0,0,0,1
0,0,real_00731.jpg,0,0,0,0
1,3,hard_97_1001.jpg,1,0,0,1
0,0,real_00793.jpg,0,0,0,0
1,2,mid_111_0001.jpg,0,0,0,1
0,0,real_00332.jpg,0,0,0,0
1,1,easy_79_0001.jpg,0,0,0,1
0,0,real_01067.jpg,0,0,0,0
1,1,easy_93_1010.jpg,1,0,1,0
0,0,real_00893.jpg,0,0,0,0
0,0,real_00752.jpg,0,0,0,0
0,0,real_00226.jpg,0,0,0,0
1,2,mid_412_0011.jpg,0,0,1,1
1,2,mid_129_0101.jpg,0,1,0,1
0,0,real_00214.jpg,0,0,0,0
1,3,hard_115_1110.jpg,1,1,1,0
1,3,hard_138_1101.jpg,1,1,0,1
1,2,mid_421_0011.jpg,0,0,1,1
1,2,mid_94_1111.jpg,1,1,1,1
0,0,real_00989.jpg,0,0,0,0
1,2,mid_218_1011.jpg,1,0,1,1
1,1,easy_31_0011.jpg,0,0,1,1
1,2,mid_217_1111.jpg,1,1,1,1
0,0,real_00218.jpg,0,0,0,0
0,0,real_01006.jpg,0,0,0,0
0,0,real_00604.jpg,0,0,0,0
1,3,hard_75_0011.jpg,0,0,1,1
0,0,real_00061.jpg,0,0,0,0
0,0,real_00396.jpg,0,0,0,0
1,2,mid_91_1111.jpg,1,1,1,1
0,0,real_00478.jpg,0,0,0,0
1,2,mid_29_1111.jpg,1,1,1,1
0,0,real_00974.jpg,0,0,0,0
1,3,hard_212_1101.jpg,1,1,0,1
1,2,mid_78_1101.jpg,1,1,0,1
0,0,real_00904.jpg,0,0,0,0
0,0,real_00817.jpg,0,0,0,0
0,0,real_00528.jpg,0,0,0,0
0,0,real_01001.jpg,0,0,0,0
0,0,real_00988.jpg,0,0,0,0
1,2,mid_337_1111.jpg,1,1,1,1
1,2,mid_365_1111.jpg,1,1,1,1
0,0,real_00256.jpg,0,0,0,0
0,0,real_01078.jpg,0,0,0,0
1,2,mid_62_1110.jpg,1,1,1,0
0,0,real_00783.jpg,0,0,0,0
0,0,real_00718.jpg,0,0,0,0
1,1,easy_136_0111.jpg,0,1,1,1
1,2,mid_151_1100.jpg,1,1,0,0
0,0,real_00514.jpg,0,0,0,0
1,1,easy_216_1100.jpg,1,1,0,0
0,0,real_00280.jpg,0,0,0,0
1,2,mid_76_1111.jpg,1,1,1,1
1,3,hard_175_1100.jpg,1,1,0,0
0,0,real_00456.jpg,0,0,0,0
0,0,real_00246.jpg,0,0,0,0
1,2,mid_137_1011.jpg,1,0,1,1
0,0,real_00775.jpg,0,0,0,0
0,0,real_00253.jpg,0,0,0,0
0,0,real_00308.jpg,0,0,0,0
0,0,real_00029.jpg,0,0,0,0
1,2,mid_1_1101.jpg,1,1,0,1
1,1,easy_173_0111.jpg,0,1,1,1
1,2,mid_71_1111.jpg,1,1,1,1
1,2,mid_442_0111.jpg,0,1,1,1
1,2,mid_360_1100.jpg,1,1,0,0
0,0,real_00653.jpg,0,0,0,0
1,2,mid_132_0001.jpg,0,0,0,1
0,0,real_00825.jpg,0,0,0,0
1,3,hard_53_1100.jpg,1,1,0,0
1,3,hard_147_1111.jpg,1,1,1,1
1,2,mid_388_1111.jpg,1,1,1,1
0,0,real_00704.jpg,0,0,0,0
1,2,mid_184_1101.jpg,1,1,0,1
1,1,easy_149_1001.jpg,1,0,0,1
0,0,real_00290.jpg,0,0,0,0
0,0,real_00909.jpg,0,0,0,0
1,1,easy_90_1111.jpg,1,1,1,1
1,2,mid_37_1111.jpg,1,1,1,1
1,3,hard_239_1000.jpg,1,0,0,0
1,1,easy_48_0011.jpg,0,0,1,1
1,2,mid_87_1111.jpg,1,1,1,1
1,2,mid_322_1111.jpg,1,1,1,1
1,3,hard_232_0001.jpg,0,0,0,1
1,1,easy_175_0001.jpg,0,0,0,1
1,2,mid_125_1111.jpg,1,1,1,1
0,0,real_00780.jpg,0,0,0,0
0,0,real_00147.jpg,0,0,0,0
0,0,real_00021.jpg,0,0,0,0
0,0,real_00171.jpg,0,0,0,0
0,0,real_00526.jpg,0,0,0,0
1,2,mid_21_0011.jpg,0,0,1,1
1,3,hard_78_1101.jpg,1,1,0,1
0,0,real_00288.jpg,0,0,0,0
0,0,real_00984.jpg,0,0,0,0
1,2,mid_162_0011.jpg,0,0,1,1
1,2,mid_164_0011.jpg,0,0,1,1
0,0,real_00304.jpg,0,0,0,0
0,0,real_00517.jpg,0,0,0,0
1,2,mid_395_1110.jpg,1,1,1,0
0,0,real_00044.jpg,0,0,0,0
1,2,mid_257_1111.jpg,1,1,1,1
1,2,mid_422_0011.jpg,0,0,1,1
0,0,real_01002.jpg,0,0,0,0
1,2,mid_107_0010.jpg,0,0,1,0
1,3,hard_130_1111.jpg,1,1,1,1
1,1,easy_232_1100.jpg,1,1,0,0
0,0,real_00741.jpg,0,0,0,0
1,2,mid_133_1001.jpg,1,0,0,1
1,2,mid_225_0111.jpg,0,1,1,1
1,1,easy_218_0011.jpg,0,0,1,1
0,0,real_00918.jpg,0,0,0,0
0,0,real_00697.jpg,0,0,0,0
0,0,real_00210.jpg,0,0,0,0
0,0,real_00268.jpg,0,0,0,0
1,1,easy_18_0011.jpg,0,0,1,1
1,1,easy_99_0101.jpg,0,1,0,1
1,1,easy_12_1110.jpg,1,1,1,0
0,0,real_00046.jpg,0,0,0,0
1,2,mid_351_0110.jpg,0,1,1,0
0,0,real_00544.jpg,0,0,0,0
0,0,real_00969.jpg,0,0,0,0
0,0,real_00128.jpg,0,0,0,0
0,0,real_00510.jpg,0,0,0,0
0,0,real_00801.jpg,0,0,0,0
0,0,real_00115.jpg,0,0,0,0
0,0,real_00637.jpg,0,0,0,0
1,3,hard_206_0001.jpg,0,0,0,1
1,2,mid_440_0101.jpg,0,1,0,1
0,0,real_00341.jpg,0,0,0,0
1,3,hard_148_1010.jpg,1,0,1,0
0,0,real_00318.jpg,0,0,0,0
0,0,real_01069.jpg,0,0,0,0
1,2,mid_7_1100.jpg,1,1,0,0
1,2,mid_375_1110.jpg,1,1,1,0
1,2,mid_437_1101.jpg,1,1,0,1
0,0,real_00264.jpg,0,0,0,0
0,0,real_00119.jpg,0,0,0,0
1,2,mid_282_1100.jpg,1,1,0,0
0,0,real_01009.jpg,0,0,0,0
0,0,real_00931.jpg,0,0,0,0
0,0,real_00796.jpg,0,0,0,0
0,0,real_00081.jpg,0,0,0,0
0,0,real_00052.jpg,0,0,0,0
1,3,hard_225_0011.jpg,0,0,1,1
1,2,mid_467_1111.jpg,1,1,1,1
1,2,mid_54_1111.jpg,1,1,1,1
1,3,hard_189_0011.jpg,0,0,1,1
0,0,real_01033.jpg,0,0,0,0
0,0,real_00381.jpg,0,0,0,0
0,0,real_00725.jpg,0,0,0,0
1,3,hard_8_1000.jpg,1,0,0,0
1,2,mid_244_1110.jpg,1,1,1,0
1,2,mid_471_1111.jpg,1,1,1,1
0,0,real_00573.jpg,0,0,0,0
0,0,real_00681.jpg,0,0,0,0
0,0,real_00650.jpg,0,0,0,0
0,0,real_00960.jpg,0,0,0,0
0,0,real_00379.jpg,0,0,0,0
0,0,real_01027.jpg,0,0,0,0
1,3,hard_129_1111.jpg,1,1,1,1
0,0,real_00184.jpg,0,0,0,0
0,0,real_00043.jpg,0,0,0,0
0,0,real_00459.jpg,0,0,0,0
1,3,hard_110_1110.jpg,1,1,1,0
1,3,hard_87_1111.jpg,1,1,1,1
1,2,mid_373_1111.jpg,1,1,1,1
1,2,mid_359_1101.jpg,1,1,0,1
0,0,real_00643.jpg,0,0,0,0
1,3,hard_90_1100.jpg,1,1,0,0
0,0,real_00903.jpg,0,0,0,0
1,2,mid_308_1111.jpg,1,1,1,1
1,3,hard_166_1110.jpg,1,1,1,0
1,2,mid_293_1101.jpg,1,1,0,1
0,0,real_00609.jpg,0,0,0,0
1,2,mid_42_1111.jpg,1,1,1,1
1,2,mid_65_1111.jpg,1,1,1,1
0,0,real_00546.jpg,0,0,0,0
1,3,hard_64_0010.jpg,0,0,1,0
1,2,mid_147_1110.jpg,1,1,1,0
1,2,mid_75_1111.jpg,1,1,1,1
0,0,real_00500.jpg,0,0,0,0
1,2,mid_332_1111.jpg,1,1,1,1
1,1,easy_68_1100.jpg,1,1,0,0
1,1,easy_54_1010.jpg,1,0,1,0
0,0,real_00354.jpg,0,0,0,0
0,0,real_00633.jpg,0,0,0,0
1,1,easy_219_1101.jpg,1,1,0,1
1,2,mid_245_1100.jpg,1,1,0,0
0,0,real_00010.jpg,0,0,0,0
0,0,real_00139.jpg,0,0,0,0
1,2,mid_95_1100.jpg,1,1,0,0
0,0,real_00665.jpg,0,0,0,0
1,3,hard_19_1111.jpg,1,1,1,1
0,0,real_00462.jpg,0,0,0,0
0,0,real_00645.jpg,0,0,0,0
0,0,real_00900.jpg,0,0,0,0
1,1,easy_124_1110.jpg,1,1,1,0
0,0,real_00848.jpg,0,0,0,0
0,0,real_00502.jpg,0,0,0,0
1,2,mid_451_1111.jpg,1,1,1,1
0,0,real_00597.jpg,0,0,0,0
0,0,real_00981.jpg,0,0,0,0
1,1,easy_62_0001.jpg,0,0,0,1
1,2,mid_435_1111.jpg,1,1,1,1
0,0,real_00854.jpg,0,0,0,0
1,1,easy_150_0011.jpg,0,0,1,1
1,2,mid_333_1101.jpg,1,1,0,1
1,1,easy_197_1111.jpg,1,1,1,1
1,1,easy_27_1000.jpg,1,0,0,0
1,2,mid_56_1111.jpg,1,1,1,1
1,1,easy_30_1001.jpg,1,0,0,1
1,2,mid_315_1101.jpg,1,1,0,1
1,2,mid_464_1111.jpg,1,1,1,1
0,0,real_00026.jpg,0,0,0,0
1,3,hard_116_1101.jpg,1,1,0,1
1,1,easy_78_1111.jpg,1,1,1,1
0,0,real_00726.jpg,0,0,0,0
1,3,hard_29_1111.jpg,1,1,1,1
0,0,real_00837.jpg,0,0,0,0
1,2,mid_68_1111.jpg,1,1,1,1
1,2,mid_222_1110.jpg,1,1,1,0
0,0,real_00785.jpg,0,0,0,0
0,0,real_00258.jpg,0,0,0,0
1,1,easy_147_1110.jpg,1,1,1,0
0,0,real_00359.jpg,0,0,0,0
0,0,real_00326.jpg,0,0,0,0
0,0,real_00678.jpg,0,0,0,0
1,2,mid_271_1111.jpg,1,1,1,1
0,0,real_00454.jpg,0,0,0,0
0,0,real_00123.jpg,0,0,0,0
0,0,real_00083.jpg,0,0,0,0
1,2,mid_324_1111.jpg,1,1,1,1
0,0,real_00496.jpg,0,0,0,0
1,2,mid_436_1111.jpg,1,1,1,1
0,0,real_00439.jpg,0,0,0,0
1,2,mid_448_0011.jpg,0,0,1,1
0,0,real_00892.jpg,0,0,0,0
1,2,mid_305_1101.jpg,1,1,0,1
0,0,real_00362.jpg,0,0,0,0
0,0,real_00855.jpg,0,0,0,0
1,2,mid_9_1110.jpg,1,1,1,0
1,2,mid_279_1111.jpg,1,1,1,1
1,2,mid_206_1111.jpg,1,1,1,1
1,2,mid_170_1111.jpg,1,1,1,1
1,2,mid_339_1100.jpg,1,1,0,0
1,1,easy_179_0001.jpg,0,0,0,1
1,2,mid_188_1111.jpg,1,1,1,1
1,2,mid_12_1111.jpg,1,1,1,1
1,3,hard_20_1111.jpg,1,1,1,1
1,3,hard_137_1001.jpg,1,0,0,1
0,0,real_00659.jpg,0,0,0,0
1,3,hard_47_1100.jpg,1,1,0,0
0,0,real_00513.jpg,0,0,0,0
0,0,real_00356.jpg,0,0,0,0
0,0,real_00281.jpg,0,0,0,0
0,0,real_00559.jpg,0,0,0,0
1,1,easy_50_0110.jpg,0,1,1,0
0,0,real_00568.jpg,0,0,0,0
0,0,real_00185.jpg,0,0,0,0
0,0,real_00575.jpg,0,0,0,0
0,0,real_00033.jpg,0,0,0,0
1,2,mid_145_1111.jpg,1,1,1,1
1,3,hard_157_1111.jpg,1,1,1,1
0,0,real_00977.jpg,0,0,0,0
1,3,hard_43_1111.jpg,1,1,1,1
0,0,real_01012.jpg,0,0,0,0
0,0,real_00203.jpg,0,0,0,0
1,3,hard_112_1111.jpg,1,1,1,1
0,0,real_00464.jpg,0,0,0,0
0,0,real_00777.jpg,0,0,0,0
1,3,hard_100_1111.jpg,1,1,1,1
1,2,mid_117_1111.jpg,1,1,1,1
0,0,real_00606.jpg,0,0,0,0
1,2,mid_60_1101.jpg,1,1,0,1
0,0,real_00706.jpg,0,0,0,0
1,3,hard_141_0100.jpg,0,1,0,0
1,1,easy_118_1111.jpg,1,1,1,1
0,0,real_00301.jpg,0,0,0,0
1,1,easy_231_1011.jpg,1,0,1,1
1,2,mid_277_1100.jpg,1,1,0,0
1,3,hard_218_0100.jpg,0,1,0,0
0,0,real_00972.jpg,0,0,0,0
0,0,real_00451.jpg,0,0,0,0
1,1,easy_21_0011.jpg,0,0,1,1
0,0,real_00209.jpg,0,0,0,0
0,0,real_00335.jpg,0,0,0,0
1,2,mid_429_1110.jpg,1,1,1,0
1,2,mid_109_1111.jpg,1,1,1,1
0,0,real_00567.jpg,0,0,0,0
1,3,hard_150_1000.jpg,1,0,0,0
0,0,real_00963.jpg,0,0,0,0
1,2,mid_370_1111.jpg,1,1,1,1
1,1,easy_26_1100.jpg,1,1,0,0
0,0,real_00495.jpg,0,0,0,0
0,0,real_00206.jpg,0,0,0,0
0,0,real_00576.jpg,0,0,0,0
1,2,mid_372_0011.jpg,0,0,1,1
0,0,real_00349.jpg,0,0,0,0
1,1,easy_148_0011.jpg,0,0,1,1
1,2,mid_428_0001.jpg,0,0,0,1
1,3,hard_194_0110.jpg,0,1,1,0
0,0,real_00962.jpg,0,0,0,0
0,0,real_00376.jpg,0,0,0,0
1,3,hard_213_0101.jpg,0,1,0,1
0,0,real_00649.jpg,0,0,0,0
0,0,real_00207.jpg,0,0,0,0
0,0,real_00772.jpg,0,0,0,0
1,2,mid_454_1111.jpg,1,1,1,1
0,0,real_00045.jpg,0,0,0,0
1,1,easy_227_1110.jpg,1,1,1,0
0,0,real_00007.jpg,0,0,0,0
1,3,hard_124_1100.jpg,1,1,0,0
0,0,real_00511.jpg,0,0,0,0
0,0,real_00127.jpg,0,0,0,0
1,3,hard_179_1111.jpg,1,1,1,1
0,0,real_01004.jpg,0,0,0,0
0,0,real_00703.jpg,0,0,0,0
0,0,real_00205.jpg,0,0,0,0
1,2,mid_396_1011.jpg,1,0,1,1
0,0,real_00075.jpg,0,0,0,0
0,0,real_00221.jpg,0,0,0,0
1,1,easy_34_1100.jpg,1,1,0,0
0,0,real_00639.jpg,0,0,0,0
0,0,real_00114.jpg,0,0,0,0
1,2,mid_410_1111.jpg,1,1,1,1
0,0,real_00968.jpg,0,0,0,0
0,0,real_00198.jpg,0,0,0,0
1,2,mid_230_1110.jpg,1,1,1,0
0,0,real_00740.jpg,0,0,0,0
1,2,mid_124_1110.jpg,1,1,1,0
1,2,mid_51_1111.jpg,1,1,1,1
0,0,real_00018.jpg,0,0,0,0
0,0,real_00983.jpg,0,0,0,0
0,0,real_00122.jpg,0,0,0,0
1,2,mid_88_1110.jpg,1,1,1,0
0,0,real_00744.jpg,0,0,0,0
1,2,mid_431_0001.jpg,0,0,0,1
0,0,real_00336.jpg,0,0,0,0
0,0,real_00674.jpg,0,0,0,0
1,2,mid_192_1111.jpg,1,1,1,1
0,0,real_00233.jpg,0,0,0,0
1,1,easy_110_0001.jpg,0,0,0,1
0,0,real_00199.jpg,0,0,0,0
0,0,real_00561.jpg,0,0,0,0
1,2,mid_70_1111.jpg,1,1,1,1
1,2,mid_473_0011.jpg,0,0,1,1
1,2,mid_214_1011.jpg,1,0,1,1
1,1,easy_39_0011.jpg,0,0,1,1
1,2,mid_158_1010.jpg,1,0,1,0
0,0,real_00722.jpg,0,0,0,0
0,0,real_00015.jpg,0,0,0,0
1,2,mid_80_1111.jpg,1,1,1,1
0,0,real_00531.jpg,0,0,0,0
0,0,real_00682.jpg,0,0,0,0
1,3,hard_73_0011.jpg,0,0,1,1
0,0,real_00632.jpg,0,0,0,0
1,3,hard_21_1101.jpg,1,1,0,1
0,0,real_00298.jpg,0,0,0,0
0,0,real_00397.jpg,0,0,0,0
0,0,real_00136.jpg,0,0,0,0
0,0,real_00368.jpg,0,0,0,0
1,1,easy_22_1010.jpg,1,0,1,0
1,2,mid_385_1100.jpg,1,1,0,0
0,0,real_01021.jpg,0,0,0,0
0,0,real_01008.jpg,0,0,0,0
0,0,real_00715.jpg,0,0,0,0
0,0,real_00159.jpg,0,0,0,0
1,2,mid_44_1111.jpg,1,1,1,1
1,2,mid_156_1111.jpg,1,1,1,1
1,1,easy_6_1110.jpg,1,1,1,0
1,3,hard_66_1111.jpg,1,1,1,1
0,0,real_00163.jpg,0,0,0,0
0,0,real_00411.jpg,0,0,0,0
1,1,easy_167_0110.jpg,0,1,1,0
0,0,real_00623.jpg,0,0,0,0
1,2,mid_386_1110.jpg,1,1,1,0
1,1,easy_233_0010.jpg,0,0,1,0
1,3,hard_104_1001.jpg,1,0,0,1
0,0,real_00285.jpg,0,0,0,0
0,0,real_00533.jpg,0,0,0,0
1,2,mid_47_1110.jpg,1,1,1,0
0,0,real_00173.jpg,0,0,0,0
1,3,hard_167_0011.jpg,0,0,1,1
1,3,hard_217_1100.jpg,1,1,0,0
1,3,hard_228_1111.jpg,1,1,1,1
1,2,mid_20_1111.jpg,1,1,1,1
0,0,real_00711.jpg,0,0,0,0
1,1,easy_226_1111.jpg,1,1,1,1
0,0,real_00020.jpg,0,0,0,0
0,0,real_00452.jpg,0,0,0,0
0,0,real_00263.jpg,0,0,0,0
1,1,easy_156_0010.jpg,0,0,1,0
0,0,real_00162.jpg,0,0,0,0
0,0,real_00028.jpg,0,0,0,0
1,3,hard_59_1110.jpg,1,1,1,0
1,2,mid_163_1001.jpg,1,0,0,1
0,0,real_00252.jpg,0,0,0,0
0,0,real_00011.jpg,0,0,0,0
0,0,real_00636.jpg,0,0,0,0
0,0,real_00350.jpg,0,0,0,0
1,1,easy_38_0010.jpg,0,0,1,0
0,0,real_01036.jpg,0,0,0,0
0,0,real_00398.jpg,0,0,0,0
1,2,mid_67_1111.jpg,1,1,1,1
0,0,real_00113.jpg,0,0,0,0
1,3,hard_123_1111.jpg,1,1,1,1
1,1,easy_89_0010.jpg,0,0,1,0
1,1,easy_64_1111.jpg,1,1,1,1
1,2,mid_49_1111.jpg,1,1,1,1
1,2,mid_242_1111.jpg,1,1,1,1
1,1,easy_178_1111.jpg,1,1,1,1
0,0,real_00082.jpg,0,0,0,0
0,0,real_00117.jpg,0,0,0,0
1,2,mid_371_0011.jpg,0,0,1,1
0,0,real_00570.jpg,0,0,0,0
1,2,mid_240_1100.jpg,1,1,0,0
0,0,real_00150.jpg,0,0,0,0
1,2,mid_202_1110.jpg,1,1,1,0
1,2,mid_397_1111.jpg,1,1,1,1
1,3,hard_14_1111.jpg,1,1,1,1
0,0,real_00899.jpg,0,0,0,0
1,1,easy_66_1101.jpg,1,1,0,1
0,0,real_00959.jpg,0,0,0,0
1,2,mid_364_1111.jpg,1,1,1,1
1,2,mid_183_1111.jpg,1,1,1,1
1,1,easy_83_1110.jpg,1,1,1,0
0,0,real_00334.jpg,0,0,0,0
1,3,hard_195_1000.jpg,1,0,0,0
0,0,real_00104.jpg,0,0,0,0
0,0,real_00468.jpg,0,0,0,0
0,0,real_00675.jpg,0,0,0,0
0,0,real_00539.jpg,0,0,0,0
0,0,real_00086.jpg,0,0,0,0
0,0,real_00611.jpg,0,0,0,0
0,0,real_00766.jpg,0,0,0,0
1,1,easy_23_1100.jpg,1,1,0,0
0,0,real_00651.jpg,0,0,0,0
0,0,real_00746.jpg,0,0,0,0
1,1,easy_96_0011.jpg,0,0,1,1
1,1,easy_199_1100.jpg,1,1,0,0
1,1,easy_190_0101.jpg,0,1,0,1
0,0,real_00125.jpg,0,0,0,0
0,0,real_00527.jpg,0,0,0,0
1,3,hard_155_0010.jpg,0,0,1,0
1,2,mid_478_1101.jpg,1,1,0,1
0,0,real_00911.jpg,0,0,0,0
0,0,real_00382.jpg,0,0,0,0
0,0,real_00699.jpg,0,0,0,0
1,2,mid_238_1111.jpg,1,1,1,1
0,0,real_00054.jpg,0,0,0,0
1,2,mid_3_1100.jpg,1,1,0,0
0,0,real_00019.jpg,0,0,0,0
1,2,mid_228_1111.jpg,1,1,1,1
1,2,mid_31_1111.jpg,1,1,1,1
0,0,real_00331.jpg,0,0,0,0
1,2,mid_438_0010.jpg,0,0,1,0
0,0,real_00062.jpg,0,0,0,0
0,0,real_00787.jpg,0,0,0,0
0,0,real_00628.jpg,0,0,0,0
0,0,real_00507.jpg,0,0,0,0
0,0,real_00581.jpg,0,0,0,0
1,2,mid_130_1111.jpg,1,1,1,1
0,0,real_00228.jpg,0,0,0,0
0,0,real_00815.jpg,0,0,0,0
1,3,hard_114_1111.jpg,1,1,1,1
1,1,easy_192_1000.jpg,1,0,0,0
0,0,real_00144.jpg,0,0,0,0
0,0,real_00080.jpg,0,0,0,0
1,1,easy_108_1111.jpg,1,1,1,1
0,0,real_00613.jpg,0,0,0,0
1,2,mid_201_1111.jpg,1,1,1,1
0,0,real_00169.jpg,0,0,0,0
0,0,real_00188.jpg,0,0,0,0
1,3,hard_151_0101.jpg,0,1,0,1
1,3,hard_120_0011.jpg,0,0,1,1
1,1,easy_144_1111.jpg,1,1,1,1
1,3,hard_50_1101.jpg,1,1,0,1
0,0,real_00582.jpg,0,0,0,0
1,1,easy_180_0011.jpg,0,0,1,1
0,0,real_00242.jpg,0,0,0,0
0,0,real_01013.jpg,0,0,0,0
1,1,easy_74_0010.jpg,0,0,1,0
0,0,real_00656.jpg,0,0,0,0
0,0,real_01080.jpg,0,0,0,0
1,1,easy_200_1110.jpg,1,1,1,0
0,0,real_00803.jpg,0,0,0,0
0,0,real_00789.jpg,0,0,0,0
0,0,real_00521.jpg,0,0,0,0
0,0,real_00346.jpg,0,0,0,0
0,0,real_00769.jpg,0,0,0,0
1,1,easy_235_1111.jpg,1,1,1,1
1,2,mid_408_1111.jpg,1,1,1,1
0,0,real_00053.jpg,0,0,0,0
1,3,hard_230_1110.jpg,1,1,1,0
1,2,mid_23_1111.jpg,1,1,1,1
0,0,real_00589.jpg,0,0,0,0
1,2,mid_168_1111.jpg,1,1,1,1
1,1,easy_137_0001.jpg,0,0,0,1
0,0,real_00486.jpg,0,0,0,0
1,1,easy_104_1000.jpg,1,0,0,0
0,0,real_01074.jpg,0,0,0,0
0,0,real_00364.jpg,0,0,0,0
1,2,mid_208_1110.jpg,1,1,1,0
1,3,hard_134_1100.jpg,1,1,0,0
1,1,easy_111_1101.jpg,1,1,0,1
1,1,easy_239_1110.jpg,1,1,1,0
1,2,mid_110_1100.jpg,1,1,0,0
0,0,real_00107.jpg,0,0,0,0
0,0,real_00109.jpg,0,0,0,0
0,0,real_00316.jpg,0,0,0,0
1,3,hard_38_1110.jpg,1,1,1,0
0,0,real_00002.jpg,0,0,0,0
1,2,mid_262_1111.jpg,1,1,1,1
0,0,real_01000.jpg,0,0,0,0
1,2,mid_401_0111.jpg,0,1,1,1
0,0,real_00458.jpg,0,0,0,0
1,2,mid_335_1100.jpg,1,1,0,0
0,0,real_00035.jpg,0,0,0,0
0,0,real_00146.jpg,0,0,0,0
0,0,real_00755.jpg,0,0,0,0
0,0,real_01042.jpg,0,0,0,0
0,0,real_00925.jpg,0,0,0,0
0,0,real_00565.jpg,0,0,0,0
1,2,mid_341_1110.jpg,1,1,1,0
0,0,real_00427.jpg,0,0,0,0
1,1,easy_151_1110.jpg,1,1,1,0
1,1,easy_195_1110.jpg,1,1,1,0
0,0,real_00149.jpg,0,0,0,0
1,2,mid_83_1111.jpg,1,1,1,1
0,0,real_00093.jpg,0,0,0,0
0,0,real_00041.jpg,0,0,0,0
0,0,real_00391.jpg,0,0,0,0
1,2,mid_453_1111.jpg,1,1,1,1
1,2,mid_296_1111.jpg,1,1,1,1
1,2,mid_140_1111.jpg,1,1,1,1
0,0,real_00764.jpg,0,0,0,0
1,3,hard_74_0011.jpg,0,0,1,1
1,2,mid_237_1111.jpg,1,1,1,1
1,2,mid_280_1111.jpg,1,1,1,1
1,3,hard_227_1100.jpg,1,1,0,0
1,2,mid_24_1111.jpg,1,1,1,1
0,0,real_00154.jpg,0,0,0,0
1,2,mid_112_0001.jpg,0,0,0,1
1,3,hard_24_1100.jpg,1,1,0,0
0,0,real_00408.jpg,0,0,0,0
1,3,hard_45_1111.jpg,1,1,1,1
0,0,real_01077.jpg,0,0,0,0
1,3,hard_52_1111.jpg,1,1,1,1
0,0,real_01035.jpg,0,0,0,0
1,2,mid_195_1111.jpg,1,1,1,1
0,0,real_00870.jpg,0,0,0,0
0,0,real_00820.jpg,0,0,0,0
0,0,real_00875.jpg,0,0,0,0
0,0,real_00560.jpg,0,0,0,0
0,0,real_00839.jpg,0,0,0,0
1,2,mid_276_0011.jpg,0,0,1,1
1,1,easy_182_0100.jpg,0,1,0,0
0,0,real_00998.jpg,0,0,0,0
1,1,easy_157_1110.jpg,1,1,1,0
0,0,real_00592.jpg,0,0,0,0
0,0,real_00547.jpg,0,0,0,0
0,0,real_00344.jpg,0,0,0,0
1,2,mid_350_0100.jpg,0,1,0,0
0,0,real_01040.jpg,0,0,0,0
0,0,real_01066.jpg,0,0,0,0
1,2,mid_148_0001.jpg,0,0,0,1
0,0,real_01064.jpg,0,0,0,0
1,3,hard_158_0011.jpg,0,0,1,1
1,2,mid_48_1111.jpg,1,1,1,1
0,0,real_00908.jpg,0,0,0,0
0,0,real_00166.jpg,0,0,0,0
0,0,real_00466.jpg,0,0,0,0
1,1,easy_172_1001.jpg,1,0,0,1
1,2,mid_150_1111.jpg,1,1,1,1
0,0,real_00923.jpg,0,0,0,0
0,0,real_00056.jpg,0,0,0,0
0,0,real_00073.jpg,0,0,0,0
1,2,mid_6_1111.jpg,1,1,1,1
1,3,hard_153_1011.jpg,1,0,1,1
1,2,mid_210_0011.jpg,0,0,1,1
1,2,mid_221_1100.jpg,1,1,0,0
0,0,real_00378.jpg,0,0,0,0
0,0,real_00555.jpg,0,0,0,0
1,2,mid_349_1111.jpg,1,1,1,1
0,0,real_00057.jpg,0,0,0,0
1,2,mid_178_1111.jpg,1,1,1,1
0,0,real_00473.jpg,0,0,0,0
1,1,easy_141_0111.jpg,0,1,1,1
1,2,mid_205_0011.jpg,0,0,1,1
1,2,mid_41_1111.jpg,1,1,1,1
0,0,real_00003.jpg,0,0,0,0
1,1,easy_58_0011.jpg,0,0,1,1
0,0,real_00179.jpg,0,0,0,0
1,3,hard_192_1111.jpg,1,1,1,1
1,3,hard_71_1100.jpg,1,1,0,0
1,1,easy_194_1011.jpg,1,0,1,1
0,0,real_00852.jpg,0,0,0,0
0,0,real_00958.jpg,0,0,0,0
1,2,mid_472_1101.jpg,1,1,0,1
1,1,easy_158_0011.jpg,0,0,1,1
1,2,mid_196_1100.jpg,1,1,0,0
1,2,mid_10_1111.jpg,1,1,1,1
1,1,easy_143_0011.jpg,0,0,1,1
0,0,real_00713.jpg,0,0,0,0
0,0,real_01068.jpg,0,0,0,0
1,2,mid_302_1100.jpg,1,1,0,0
1,2,mid_477_1100.jpg,1,1,0,0
0,0,real_00262.jpg,0,0,0,0
0,0,real_00030.jpg,0,0,0,0
0,0,real_00932.jpg,0,0,0,0
0,0,real_00120.jpg,0,0,0,0
1,1,easy_95_0101.jpg,0,1,0,1
1,2,mid_468_1110.jpg,1,1,1,0
1,2,mid_149_0011.jpg,0,0,1,1
0,0,real_00245.jpg,0,0,0,0
1,1,easy_52_1100.jpg,1,1,0,0
0,0,real_00506.jpg,0,0,0,0
0,0,real_00716.jpg,0,0,0,0
0,0,real_01026.jpg,0,0,0,0
0,0,real_00979.jpg,0,0,0,0
1,2,mid_81_1101.jpg,1,1,0,1
0,0,real_00178.jpg,0,0,0,0
0,0,real_00433.jpg,0,0,0,0
0,0,real_00971.jpg,0,0,0,0
0,0,real_00037.jpg,0,0,0,0
1,3,hard_208_0001.jpg,0,0,0,1
1,3,hard_72_1100.jpg,1,1,0,0
0,0,real_00667.jpg,0,0,0,0
1,2,mid_457_1100.jpg,1,1,0,0
1,3,hard_22_1111.jpg,1,1,1,1
1,3,hard_204_0011.jpg,0,0,1,1
0,0,real_00373.jpg,0,0,0,0
0,0,real_00901.jpg,0,0,0,0
0,0,real_00156.jpg,0,0,0,0
0,0,real_00768.jpg,0,0,0,0
0,0,real_00618.jpg,0,0,0,0
1,1,easy_183_1111.jpg,1,1,1,1
1,1,easy_139_0110.jpg,0,1,1,0
0,0,real_00810.jpg,0,0,0,0
1,1,easy_188_1111.jpg,1,1,1,1
0,0,real_00562.jpg,0,0,0,0
0,0,real_00311.jpg,0,0,0,0
0,0,real_00442.jpg,0,0,0,0
1,2,mid_463_0100.jpg,0,1,0,0
1,1,easy_102_0101.jpg,0,1,0,1
1,3,hard_146_0110.jpg,0,1,1,0
1,2,mid_224_1111.jpg,1,1,1,1
0,0,real_00254.jpg,0,0,0,0
0,0,real_00197.jpg,0,0,0,0
0,0,real_00443.jpg,0,0,0,0
1,3,hard_48_0011.jpg,0,0,1,1
1,2,mid_307_1101.jpg,1,1,0,1
1,2,mid_175_1111.jpg,1,1,1,1
0,0,real_00792.jpg,0,0,0,0
0,0,real_00116.jpg,0,0,0,0
0,0,real_00230.jpg,0,0,0,0
1,2,mid_5_0011.jpg,0,0,1,1
0,0,real_01063.jpg,0,0,0,0
1,2,mid_258_1110.jpg,1,1,1,0
1,3,hard_80_0100.jpg,0,1,0,0
0,0,real_00333.jpg,0,0,0,0
1,2,mid_57_1111.jpg,1,1,1,1
1,1,easy_138_0101.jpg,0,1,0,1
1,1,easy_105_1100.jpg,1,1,0,0
1,3,hard_172_1100.jpg,1,1,0,0
0,0,real_00074.jpg,0,0,0,0
0,0,real_00211.jpg,0,0,0,0
0,0,real_00023.jpg,0,0,0,0
1,3,hard_42_1111.jpg,1,1,1,1
0,0,real_00966.jpg,0,0,0,0
0,0,real_00714.jpg,0,0,0,0
1,2,mid_336_1111.jpg,1,1,1,1
0,0,real_00460.jpg,0,0,0,0
0,0,real_00922.jpg,0,0,0,0
0,0,real_00438.jpg,0,0,0,0
0,0,real_00100.jpg,0,0,0,0
1,2,mid_367_0010.jpg,0,0,1,0
0,0,real_00720.jpg,0,0,0,0
1,2,mid_329_1110.jpg,1,1,1,0
1,1,easy_33_0010.jpg,0,0,1,0
0,0,real_00996.jpg,0,0,0,0
1,3,hard_58_0001.jpg,0,0,0,1
1,2,mid_14_1101.jpg,1,1,0,1
0,0,real_01061.jpg,0,0,0,0
0,0,real_00742.jpg,0,0,0,0
0,0,real_00580.jpg,0,0,0,0
0,0,real_00896.jpg,0,0,0,0
1,2,mid_449_1111.jpg,1,1,1,1
1,2,mid_286_1100.jpg,1,1,0,0
0,0,real_01075.jpg,0,0,0,0
1,3,hard_117_1110.jpg,1,1,1,0
1,2,mid_106_0001.jpg,0,0,0,1
0,0,real_00112.jpg,0,0,0,0
0,0,real_00049.jpg,0,0,0,0
1,2,mid_319_1111.jpg,1,1,1,1
1,1,easy_20_1111.jpg,1,1,1,1
0,0,real_00275.jpg,0,0,0,0
0,0,real_00748.jpg,0,0,0,0
0,0,real_00493.jpg,0,0,0,0
0,0,real_00941.jpg,0,0,0,0
0,0,real_00700.jpg,0,0,0,0
1,3,hard_60_1111.jpg,1,1,1,1
1,2,mid_316_1111.jpg,1,1,1,1
0,0,real_00222.jpg,0,0,0,0
0,0,real_00259.jpg,0,0,0,0
0,0,real_00091.jpg,0,0,0,0
0,0,real_00680.jpg,0,0,0,0
1,1,easy_168_0010.jpg,0,0,1,0
0,0,real_00260.jpg,0,0,0,0
1,3,hard_196_1101.jpg,1,1,0,1
0,0,real_00422.jpg,0,0,0,0
1,1,easy_206_0011.jpg,0,0,1,1
0,0,real_00790.jpg,0,0,0,0
0,0,real_00418.jpg,0,0,0,0
1,2,mid_199_0011.jpg,0,0,1,1
1,1,easy_92_0011.jpg,0,0,1,1
0,0,real_00736.jpg,0,0,0,0
0,0,real_00554.jpg,0,0,0,0
0,0,real_00404.jpg,0,0,0,0
1,3,hard_98_1101.jpg,1,1,0,1
0,0,real_00372.jpg,0,0,0,0
0,0,real_00217.jpg,0,0,0,0
0,0,real_00813.jpg,0,0,0,0
1,1,easy_131_1001.jpg,1,0,0,1
1,2,mid_361_0001.jpg,0,0,0,1
1,1,easy_122_1011.jpg,1,0,1,1
0,0,real_00339.jpg,0,0,0,0
1,1,easy_29_0011.jpg,0,0,1,1
0,0,real_00096.jpg,0,0,0,0
1,2,mid_283_0111.jpg,0,1,1,1
1,3,hard_219_1101.jpg,1,1,0,1
0,0,real_00663.jpg,0,0,0,0
0,0,real_00383.jpg,0,0,0,0
1,2,mid_84_1111.jpg,1,1,1,1
0,0,real_00303.jpg,0,0,0,0
0,0,real_00944.jpg,0,0,0,0
1,3,hard_17_1010.jpg,1,0,1,0
0,0,real_00532.jpg,0,0,0,0
0,0,real_00987.jpg,0,0,0,0
1,3,hard_210_1100.jpg,1,1,0,0
1,3,hard_82_0011.jpg,0,0,1,1
1,3,hard_23_1110.jpg,1,1,1,0
1,3,hard_143_0100.jpg,0,1,0,0
0,0,real_00151.jpg,0,0,0,0
0,0,real_00630.jpg,0,0,0,0
1,2,mid_101_1111.jpg,1,1,1,1
0,0,real_00729.jpg,0,0,0,0
1,2,mid_239_1011.jpg,1,0,1,1
0,0,real_00945.jpg,0,0,0,0
0,0,real_00876.jpg,0,0,0,0
1,1,easy_209_0001.jpg,0,0,0,1
0,0,real_00047.jpg,0,0,0,0
1,2,mid_236_1111.jpg,1,1,1,1
0,0,real_00394.jpg,0,0,0,0
1,3,hard_106_1100.jpg,1,1,0,0
0,0,real_00897.jpg,0,0,0,0
1,1,easy_8_0010.jpg,0,0,1,0
1,1,easy_214_0011.jpg,0,0,1,1
1,2,mid_366_1111.jpg,1,1,1,1
0,0,real_00666.jpg,0,0,0,0
1,3,hard_15_1111.jpg,1,1,1,1
0,0,real_00168.jpg,0,0,0,0
0,0,real_00596.jpg,0,0,0,0
0,0,real_00387.jpg,0,0,0,0
1,1,easy_121_0011.jpg,0,0,1,1
1,3,hard_94_1111.jpg,1,1,1,1
1,2,mid_259_1101.jpg,1,1,0,1
1,3,hard_88_1111.jpg,1,1,1,1
0,0,real_00124.jpg,0,0,0,0
0,0,real_00512.jpg,0,0,0,0
0,0,real_00524.jpg,0,0,0,0
0,0,real_00882.jpg,0,0,0,0
1,1,easy_10_0001.jpg,0,0,0,1
1,3,hard_4_1111.jpg,1,1,1,1
1,1,easy_32_1100.jpg,1,1,0,0
0,0,real_00588.jpg,0,0,0,0
0,0,real_00832.jpg,0,0,0,0
0,0,real_00638.jpg,0,0,0,0
1,2,mid_380_1111.jpg,1,1,1,1
0,0,real_00239.jpg,0,0,0,0
0,0,real_01024.jpg,0,0,0,0
1,2,mid_220_0011.jpg,0,0,1,1
1,2,mid_126_1110.jpg,1,1,1,0
1,3,hard_161_1100.jpg,1,1,0,0
1,2,mid_189_0011.jpg,0,0,1,1
0,0,real_00132.jpg,0,0,0,0
1,1,easy_77_0111.jpg,0,1,1,1
0,0,real_00728.jpg,0,0,0,0
0,0,real_01052.jpg,0,0,0,0
0,0,real_00759.jpg,0,0,0,0
0,0,real_00141.jpg,0,0,0,0
0,0,real_00818.jpg,0,0,0,0
0,0,real_00583.jpg,0,0,0,0
1,1,easy_154_1100.jpg,1,1,0,0
1,2,mid_461_1100.jpg,1,1,0,0
0,0,real_00131.jpg,0,0,0,0
1,1,easy_133_1100.jpg,1,1,0,0
0,0,real_00967.jpg,0,0,0,0
0,0,real_00371.jpg,0,0,0,0
0,0,real_01039.jpg,0,0,0,0
0,0,real_00450.jpg,0,0,0,0
0,0,real_00229.jpg,0,0,0,0
1,1,easy_129_1111.jpg,1,1,1,1
0,0,real_00025.jpg,0,0,0,0
0,0,real_00176.jpg,0,0,0,0
0,0,real_00305.jpg,0,0,0,0
0,0,real_00881.jpg,0,0,0,0
1,1,easy_127_0001.jpg,0,0,0,1
1,3,hard_222_1001.jpg,1,0,0,1
0,0,real_00885.jpg,0,0,0,0
0,0,real_00419.jpg,0,0,0,0
1,3,hard_226_0100.jpg,0,1,0,0
0,0,real_00992.jpg,0,0,0,0
1,2,mid_462_1101.jpg,1,1,0,1
0,0,real_00272.jpg,0,0,0,0
1,1,easy_145_1000.jpg,1,0,0,0
0,0,real_00827.jpg,0,0,0,0
0,0,real_00014.jpg,0,0,0,0
1,2,mid_418_1101.jpg,1,1,0,1
0,0,real_00027.jpg,0,0,0,0
0,0,real_00219.jpg,0,0,0,0
1,2,mid_232_1111.jpg,1,1,1,1
0,0,real_00760.jpg,0,0,0,0
0,0,real_00964.jpg,0,0,0,0
0,0,real_00072.jpg,0,0,0,0
1,3,hard_229_0100.jpg,0,1,0,0
0,0,real_00816.jpg,0,0,0,0
1,3,hard_31_0011.jpg,0,0,1,1
0,0,real_00051.jpg,0,0,0,0
0,0,real_00648.jpg,0,0,0,0
1,2,mid_92_1111.jpg,1,1,1,1
1,3,hard_127_0011.jpg,0,0,1,1
0,0,real_00591.jpg,0,0,0,0
0,0,real_00550.jpg,0,0,0,0
1,2,mid_466_1111.jpg,1,1,1,1
0,0,real_00751.jpg,0,0,0,0
1,1,easy_162_0001.jpg,0,0,0,1
1,3,hard_41_1111.jpg,1,1,1,1
0,0,real_00232.jpg,0,0,0,0
1,2,mid_73_1110.jpg,1,1,1,0
1,2,mid_306_1111.jpg,1,1,1,1
1,2,mid_317_1101.jpg,1,1,0,1
0,0,real_00505.jpg,0,0,0,0
0,0,real_00302.jpg,0,0,0,0
0,0,real_00470.jpg,0,0,0,0
1,2,mid_348_1100.jpg,1,1,0,0
0,0,real_00912.jpg,0,0,0,0
1,2,mid_362_1101.jpg,1,1,0,1
1,2,mid_32_1111.jpg,1,1,1,1
0,0,real_00907.jpg,0,0,0,0
0,0,real_00866.jpg,0,0,0,0
1,1,easy_112_1001.jpg,1,0,0,1
1,3,hard_164_1000.jpg,1,0,0,0
0,0,real_00924.jpg,0,0,0,0
0,0,real_00099.jpg,0,0,0,0
1,2,mid_273_1101.jpg,1,1,0,1
0,0,real_00970.jpg,0,0,0,0
1,3,hard_207_1100.jpg,1,1,0,0
1,2,mid_447_0011.jpg,0,0,1,1
1,2,mid_415_1111.jpg,1,1,1,1
1,2,mid_212_1111.jpg,1,1,1,1
0,0,real_00405.jpg,0,0,0,0
1,2,mid_203_1111.jpg,1,1,1,1
1,2,mid_33_1011.jpg,1,0,1,1
1,3,hard_223_1111.jpg,1,1,1,1
0,0,real_00556.jpg,0,0,0,0
0,0,real_00069.jpg,0,0,0,0
0,0,real_00434.jpg,0,0,0,0
1,2,mid_414_0011.jpg,0,0,1,1
1,1,easy_134_0001.jpg,0,0,0,1
1,2,mid_426_1111.jpg,1,1,1,1
0,0,real_00363.jpg,0,0,0,0
0,0,real_00738.jpg,0,0,0,0
0,0,real_00306.jpg,0,0,0,0
0,0,real_00763.jpg,0,0,0,0
0,0,real_00781.jpg,0,0,0,0
1,3,hard_184_0011.jpg,0,0,1,1
0,0,real_00059.jpg,0,0,0,0
1,3,hard_185_1100.jpg,1,1,0,0
0,0,real_00012.jpg,0,0,0,0
1,3,hard_131_1000.jpg,1,0,0,0
1,3,hard_105_1011.jpg,1,0,1,1
0,0,real_00161.jpg,0,0,0,0
0,0,real_00798.jpg,0,0,0,0
0,0,real_00248.jpg,0,0,0,0
0,0,real_01025.jpg,0,0,0,0
1,2,mid_160_1110.jpg,1,1,1,0
0,0,real_01043.jpg,0,0,0,0
1,2,mid_381_1101.jpg,1,1,0,1
0,0,real_00106.jpg,0,0,0,0
0,0,real_01045.jpg,0,0,0,0
0,0,real_00034.jpg,0,0,0,0
0,0,real_00891.jpg,0,0,0,0
0,0,real_00236.jpg,0,0,0,0
1,1,easy_152_0011.jpg,0,0,1,1
0,0,real_00388.jpg,0,0,0,0
0,0,real_00861.jpg,0,0,0,0
0,0,real_00414.jpg,0,0,0,0
0,0,real_00090.jpg,0,0,0,0
1,1,easy_166_1100.jpg,1,1,0,0
0,0,real_01048.jpg,0,0,0,0
0,0,real_00386.jpg,0,0,0,0
0,0,real_00463.jpg,0,0,0,0
0,0,real_00369.jpg,0,0,0,0
0,0,real_00489.jpg,0,0,0,0
0,0,real_00822.jpg,0,0,0,0
0,0,real_00797.jpg,0,0,0,0
1,3,hard_205_0011.jpg,0,0,1,1
1,2,mid_250_1111.jpg,1,1,1,1
0,0,real_01049.jpg,0,0,0,0
0,0,real_00927.jpg,0,0,0,0
1,1,easy_153_1110.jpg,1,1,1,0
0,0,real_00167.jpg,0,0,0,0
0,0,real_00492.jpg,0,0,0,0
1,2,mid_213_1111.jpg,1,1,1,1
0,0,real_00409.jpg,0,0,0,0
0,0,real_00753.jpg,0,0,0,0
0,0,real_00250.jpg,0,0,0,0
1,3,hard_92_1001.jpg,1,0,0,1
0,0,real_00475.jpg,0,0,0,0
0,0,real_00352.jpg,0,0,0,0
1,1,easy_3_1100.jpg,1,1,0,0
0,0,real_00877.jpg,0,0,0,0
0,0,real_00584.jpg,0,0,0,0
1,2,mid_416_1111.jpg,1,1,1,1
1,1,easy_123_0100.jpg,0,1,0,0
0,0,real_00295.jpg,0,0,0,0
1,3,hard_240_1101.jpg,1,1,0,1
0,0,real_00973.jpg,0,0,0,0
1,3,hard_70_1100.jpg,1,1,0,0
0,0,real_00160.jpg,0,0,0,0
1,2,mid_113_1100.jpg,1,1,0,0
0,0,real_00995.jpg,0,0,0,0
0,0,real_00320.jpg,0,0,0,0
0,0,real_00640.jpg,0,0,0,0
0,0,real_00635.jpg,0,0,0,0
1,1,easy_113_0011.jpg,0,0,1,1
0,0,real_00830.jpg,0,0,0,0
1,3,hard_16_1111.jpg,1,1,1,1
0,0,real_00940.jpg,0,0,0,0
1,2,mid_122_1100.jpg,1,1,0,0
1,2,mid_313_1101.jpg,1,1,0,1
1,1,easy_70_0011.jpg,0,0,1,1
0,0,real_00201.jpg,0,0,0,0
0,0,real_00461.jpg,0,0,0,0
0,0,real_00774.jpg,0,0,0,0
0,0,real_00677.jpg,0,0,0,0
0,0,real_00273.jpg,0,0,0,0
0,0,real_00471.jpg,0,0,0,0
1,1,easy_160_0011.jpg,0,0,1,1
0,0,real_01029.jpg,0,0,0,0
1,3,hard_99_1111.jpg,1,1,1,1
1,3,hard_122_1100.jpg,1,1,0,0
0,0,real_00329.jpg,0,0,0,0
0,0,real_00494.jpg,0,0,0,0
0,0,real_00384.jpg,0,0,0,0
1,1,easy_13_1010.jpg,1,0,1,0
0,0,real_00148.jpg,0,0,0,0
0,0,real_00420.jpg,0,0,0,0
0,0,real_00445.jpg,0,0,0,0
0,0,real_00808.jpg,0,0,0,0
0,0,real_00497.jpg,0,0,0,0
0,0,real_00186.jpg,0,0,0,0
0,0,real_00503.jpg,0,0,0,0
1,2,mid_402_0011.jpg,0,0,1,1
0,0,real_01081.jpg,0,0,0,0
1,1,easy_2_1111.jpg,1,1,1,1
1,2,mid_181_0011.jpg,0,0,1,1
1,1,easy_224_1100.jpg,1,1,0,0
1,3,hard_85_1111.jpg,1,1,1,1
0,0,real_00552.jpg,0,0,0,0
1,2,mid_154_1111.jpg,1,1,1,1
1,3,hard_56_0100.jpg,0,1,0,0
0,0,real_00853.jpg,0,0,0,0
1,1,easy_211_1100.jpg,1,1,0,0
1,2,mid_269_1100.jpg,1,1,0,0
1,2,mid_261_1101.jpg,1,1,0,1
1,3,hard_238_1000.jpg,1,0,0,0
0,0,real_00077.jpg,0,0,0,0
0,0,real_00933.jpg,0,0,0,0
1,1,easy_234_1000.jpg,1,0,0,0
